timestamp,open,high,low,close,volume
2023-12-13T00:00:00+00:00,41492.38,41506.0,41476.17,41476.18,23.92517
2023-12-13T00:01:00+00:00,41476.18,41479.51,41435.13,41441.32,42.52961
2023-12-13T00:02:00+00:00,41441.32,41441.33,41394.27,41394.28,78.02927
2023-12-13T00:03:00+00:00,41394.27,41421.26,41394.27,41421.26,23.38614
2023-12-13T00:04:00+00:00,41421.26,41430.44,41416.59,41424.95,14.50482
2023-12-13T00:05:00+00:00,41424.94,41424.95,41393.16,41400.91,20.37696
2023-12-13T00:06:00+00:00,41400.91,41430.47,41400.9,41430.47,28.12136
2023-12-13T00:07:00+00:00,41430.46,41438.0,41406.57,41420.27,17.60608
2023-12-13T00:08:00+00:00,41420.27,41420.27,41354.36,41361.36,31.99802
2023-12-13T00:09:00+00:00,41361.36,41391.09,41361.36,41389.36,24.66322
2023-12-13T00:10:00+00:00,41389.37,41405.48,41371.39,41405.46,36.42547
2023-12-13T00:11:00+00:00,41405.46,41405.47,41374.82,41378.02,29.68169
2023-12-13T00:12:00+00:00,41378.03,41382.95,41368.0,41371.11,12.02613
2023-12-13T00:13:00+00:00,41371.1,41401.0,41371.1,41399.42,19.34438
2023-12-13T00:14:00+00:00,41399.41,41405.0,41391.1,41405.0,9.47541
2023-12-13T00:15:00+00:00,41404.99,41414.0,41394.64,41397.79,53.39161
2023-12-13T00:16:00+00:00,41397.79,41397.8,41365.16,41365.16,9.59763
2023-12-13T00:17:00+00:00,41365.16,41369.58,41349.03,41369.57,23.9023
2023-12-13T00:18:00+00:00,41369.58,41396.87,41369.57,41387.0,15.18278
2023-12-13T00:19:00+00:00,41387.01,41387.01,41361.1,41361.11,8.50383
2023-12-13T00:20:00+00:00,41361.1,41378.4,41351.89,41351.89,13.86055
2023-12-13T00:21:00+00:00,41351.9,41367.8,41328.03,41338.01,41.0501
2023-12-13T00:22:00+00:00,41338.01,41345.99,41300.0,41318.25,83.91943
2023-12-13T00:23:00+00:00,41318.25,41319.4,41300.0,41307.04,24.86796
2023-12-13T00:24:00+00:00,41307.03,41313.38,41300.48,41300.81,30.19329
2023-12-13T00:25:00+00:00,41300.82,41313.36,41300.81,41313.35,18.69623
2023-12-13T00:26:00+00:00,41313.35,41344.0,41313.35,41336.0,23.38928
2023-12-13T00:27:00+00:00,41336.0,41356.45,41325.73,41351.06,10.52954
2023-12-13T00:28:00+00:00,41351.06,41354.0,41343.5,41350.0,7.66014
2023-12-13T00:29:00+00:00,41350.0,41358.0,41347.04,41358.0,8.89751
2023-12-13T00:30:00+00:00,41357.99,41358.0,41337.58,41337.58,9.9586
2023-12-13T00:31:00+00:00,41337.58,41366.45,41321.1,41343.83,18.8211
2023-12-13T00:32:00+00:00,41343.84,41366.0,41335.63,41361.98,9.76139
2023-12-13T00:33:00+00:00,41361.99,41368.0,41344.35,41367.98,13.61397
2023-12-13T00:34:00+00:00,41367.98,41381.1,41360.85,41370.7,41.27664
2023-12-13T00:35:00+00:00,41370.69,41372.0,41356.13,41359.97,15.82079
2023-12-13T00:36:00+00:00,41359.97,41367.94,41341.1,41367.94,10.89534
2023-12-13T00:37:00+00:00,41367.94,41377.11,41367.93,41377.1,4.3051
2023-12-13T00:38:00+00:00,41377.1,41377.11,41367.89,41371.99,9.2254
2023-12-13T00:39:00+00:00,41371.98,41384.0,41371.98,41384.0,5.77047
2023-12-13T00:40:00+00:00,41384.0,41405.45,41383.99,41405.45,10.22134
2023-12-13T00:41:00+00:00,41405.44,41414.88,41397.12,41414.88,9.36396
2023-12-13T00:42:00+00:00,41414.87,41441.07,41414.87,41438.99,24.61941
2023-12-13T00:43:00+00:00,41438.99,41445.7,41422.01,41445.7,10.59953
2023-12-13T00:44:00+00:00,41445.69,41477.84,41440.15,41476.08,28.61613
2023-12-13T00:45:00+00:00,41476.08,41497.41,41475.41,41486.12,27.21119
2023-12-13T00:46:00+00:00,41486.12,41502.99,41471.46,41488.26,17.42283
2023-12-13T00:47:00+00:00,41488.26,41491.55,41465.41,41467.65,9.24938
2023-12-13T00:48:00+00:00,41467.65,41467.66,41446.34,41446.35,9.97211
2023-12-13T00:49:00+00:00,41446.36,41446.36,41424.01,41424.01,5.81393
2023-12-13T00:50:00+00:00,41424.02,41424.02,41418.0,41418.01,4.6072
2023-12-13T00:51:00+00:00,41418.0,41462.33,41418.0,41457.71,23.904
2023-12-13T00:52:00+00:00,41457.71,41457.75,41436.39,41457.75,10.86583
2023-12-13T00:53:00+00:00,41457.75,41457.75,41441.1,41451.1,7.48375
2023-12-13T00:54:00+00:00,41451.1,41457.75,41449.01,41449.01,2.04699
2023-12-13T00:55:00+00:00,41449.02,41467.66,41449.01,41460.7,29.78915
2023-12-13T00:56:00+00:00,41460.69,41460.7,41411.1,41411.11,34.60359
2023-12-13T00:57:00+00:00,41411.1,41429.99,41408.57,41419.75,19.12047
2023-12-13T00:58:00+00:00,41419.76,41420.79,41408.83,41408.83,11.66471
2023-12-13T00:59:00+00:00,41408.83,41416.11,41408.06,41411.4,6.67999
2023-12-13T01:00:00+00:00,41411.41,41420.82,41406.92,41417.98,11.8588
2023-12-13T01:01:00+00:00,41417.99,41420.82,41402.13,41402.14,8.91816
2023-12-13T01:02:00+00:00,41402.14,41436.0,41402.13,41430.9,22.62008
2023-12-13T01:03:00+00:00,41430.89,41430.9,41417.13,41417.13,2.65725
2023-12-13T01:04:00+00:00,41417.13,41417.14,41411.1,41411.11,6.77113
2023-12-13T01:05:00+00:00,41411.11,41411.11,41403.96,41403.96,2.78994
2023-12-13T01:06:00+00:00,41403.97,41403.97,41367.04,41377.99,13.04056
2023-12-13T01:07:00+00:00,41377.99,41395.65,41377.98,41395.64,6.26371
2023-12-13T01:08:00+00:00,41395.65,41396.02,41370.77,41370.96,6.39978
2023-12-13T01:09:00+00:00,41370.95,41370.96,41354.0,41357.99,8.566
2023-12-13T01:10:00+00:00,41357.99,41364.0,41345.41,41353.91,12.01222
2023-12-13T01:11:00+00:00,41353.92,41364.0,41353.91,41355.76,5.42881
2023-12-13T01:12:00+00:00,41355.75,41361.94,41348.14,41348.15,9.5083
2023-12-13T01:13:00+00:00,41348.14,41355.52,41348.14,41353.93,3.92415
2023-12-13T01:14:00+00:00,41353.93,41353.94,41343.13,41344.61,11.35183
2023-12-13T01:15:00+00:00,41344.61,41344.62,41319.65,41319.66,12.10857
2023-12-13T01:16:00+00:00,41319.65,41339.15,41291.16,41307.11,44.44518
2023-12-13T01:17:00+00:00,41307.1,41308.21,41220.0,41265.93,105.44908
2023-12-13T01:18:00+00:00,41265.93,41268.0,41242.01,41265.94,42.15799
2023-12-13T01:19:00+00:00,41265.94,41268.02,41261.49,41268.02,32.53011
2023-12-13T01:20:00+00:00,41268.02,41268.02,41166.58,41185.08,142.88298
2023-12-13T01:21:00+00:00,41185.07,41200.0,41145.32,41184.0,108.94117
2023-12-13T01:22:00+00:00,41184.0,41204.0,41183.99,41196.9,21.74847
2023-12-13T01:23:00+00:00,41196.9,41201.77,41159.96,41181.08,70.86799
2023-12-13T01:24:00+00:00,41181.09,41209.44,41174.45,41177.94,32.27212
2023-12-13T01:25:00+00:00,41177.93,41185.08,41145.53,41154.76,34.14796
2023-12-13T01:26:00+00:00,41154.76,41161.97,41045.45,41059.57,83.3954
2023-12-13T01:27:00+00:00,41059.57,41110.0,41025.51,41087.68,79.16107
2023-12-13T01:28:00+00:00,41087.68,41092.0,41041.13,41049.89,64.245
2023-12-13T01:29:00+00:00,41049.88,41070.71,40880.81,41004.81,127.88021
2023-12-13T01:30:00+00:00,41004.8,41044.33,40976.05,41031.53,89.58062
2023-12-13T01:31:00+00:00,41031.54,41088.0,41031.53,41088.0,39.14018
2023-12-13T01:32:00+00:00,41088.0,41123.99,41078.0,41110.0,51.04983
2023-12-13T01:33:00+00:00,41109.99,41166.66,41109.99,41162.51,37.26344
2023-12-13T01:34:00+00:00,41162.5,41190.0,41162.32,41170.52,21.14307
2023-12-13T01:35:00+00:00,41170.51,41184.0,41112.0,41114.16,37.86624
2023-12-13T01:36:00+00:00,41114.15,41126.0,41050.85,41055.63,158.4649
2023-12-13T01:37:00+00:00,41055.63,41119.16,41052.46,41119.15,139.95709
2023-12-13T01:38:00+00:00,41119.15,41119.16,41098.0,41099.07,32.70145
2023-12-13T01:39:00+00:00,41099.06,41103.55,41099.06,41103.55,7.07806
2023-12-13T01:40:00+00:00,41103.55,41140.13,41072.53,41136.33,46.19882
2023-12-13T01:41:00+00:00,41136.32,41144.38,41121.3,41123.16,28.47921
2023-12-13T01:42:00+00:00,41123.17,41157.27,41123.16,41143.2,17.22536
2023-12-13T01:43:00+00:00,41143.2,41143.2,41109.49,41120.44,20.20867
2023-12-13T01:44:00+00:00,41120.44,41151.1,41111.86,41151.09,24.1684
2023-12-13T01:45:00+00:00,41151.09,41157.27,41104.0,41114.59,18.49848
2023-12-13T01:46:00+00:00,41114.6,41143.58,41113.32,41113.32,17.38096
2023-12-13T01:47:00+00:00,41113.33,41129.44,41055.81,41056.0,37.54797
2023-12-13T01:48:00+00:00,41056.01,41069.43,41027.77,41037.99,39.85229
2023-12-13T01:49:00+00:00,41038.0,41048.0,41011.1,41042.0,25.26437
2023-12-13T01:50:00+00:00,41041.99,41081.1,41016.01,41081.09,29.31884
2023-12-13T01:51:00+00:00,41081.1,41099.59,41046.62,41061.1,29.15181
2023-12-13T01:52:00+00:00,41061.1,41083.99,41061.05,41064.67,23.80436
2023-12-13T01:53:00+00:00,41064.68,41100.0,41064.67,41094.65,20.31007
2023-12-13T01:54:00+00:00,41094.66,41127.62,41076.85,41127.61,27.24419
2023-12-13T01:55:00+00:00,41127.61,41151.36,41116.03,41138.52,31.02816
2023-12-13T01:56:00+00:00,41138.53,41159.91,41131.1,41137.98,21.47628
2023-12-13T01:57:00+00:00,41137.98,41137.99,41084.45,41084.45,25.61621
2023-12-13T01:58:00+00:00,41084.46,41095.99,41082.0,41084.5,17.06386
2023-12-13T01:59:00+00:00,41084.5,41084.51,41022.0,41022.0,17.91473
2023-12-13T02:00:00+00:00,41022.01,41066.65,41020.0,41052.01,34.06068
2023-12-13T02:01:00+00:00,41052.01,41110.0,41052.01,41109.99,22.89536
2023-12-13T02:02:00+00:00,41109.99,41124.91,41109.99,41122.0,21.19734
2023-12-13T02:03:00+00:00,41122.01,41122.01,41071.1,41072.82,22.05906
2023-12-13T02:04:00+00:00,41072.82,41140.0,41072.82,41139.99,45.07961
2023-12-13T02:05:00+00:00,41139.99,41145.45,41122.0,41128.02,33.73719
2023-12-13T02:06:00+00:00,41128.02,41128.02,41092.83,41104.47,17.45518
2023-12-13T02:07:00+00:00,41104.47,41111.1,41072.78,41077.69,15.06124
2023-12-13T02:08:00+00:00,41077.69,41089.78,41051.1,41051.11,20.90888
2023-12-13T02:09:00+00:00,41051.1,41052.68,41030.0,41030.0,15.60457
2023-12-13T02:10:00+00:00,41030.0,41038.47,40974.99,40995.54,56.56473
2023-12-13T02:11:00+00:00,40995.54,40999.99,40885.17,40898.0,69.57593
2023-12-13T02:12:00+00:00,40898.01,40947.28,40855.0,40932.36,72.27257
2023-12-13T02:13:00+00:00,40932.36,40945.8,40902.0,40908.69,24.33206
2023-12-13T02:14:00+00:00,40908.69,40959.7,40908.68,40956.19,20.36962
2023-12-13T02:15:00+00:00,40956.2,40976.0,40932.83,40975.99,27.63127
2023-12-13T02:16:00+00:00,40976.0,41011.1,40932.83,40938.01,41.43288
2023-12-13T02:17:00+00:00,40938.02,40984.08,40938.01,40984.07,17.79778
2023-12-13T02:18:00+00:00,40984.07,41001.1,40968.49,40977.22,41.25204
2023-12-13T02:19:00+00:00,40977.21,40986.93,40964.64,40964.65,19.98432
2023-12-13T02:20:00+00:00,40964.64,40964.65,40825.9,40882.0,91.9853
2023-12-13T02:21:00+00:00,40882.0,40934.01,40862.16,40871.99,42.68124
2023-12-13T02:22:00+00:00,40871.98,40871.99,40798.46,40846.0,246.9984
2023-12-13T02:23:00+00:00,40846.0,40864.03,40844.0,40863.98,27.70999
2023-12-13T02:24:00+00:00,40863.99,40880.0,40780.34,40798.0,72.22642
2023-12-13T02:25:00+00:00,40797.99,40862.4,40790.47,40844.01,80.40939
2023-12-13T02:26:00+00:00,40844.01,40865.42,40781.11,40806.28,80.32639
2023-12-13T02:27:00+00:00,40806.28,40806.29,40717.65,40744.02,127.22968
2023-12-13T02:28:00+00:00,40745.0,40826.09,40555.0,40822.83,288.84674
2023-12-13T02:29:00+00:00,40822.83,40881.1,40794.68,40868.05,75.33055
2023-12-13T02:30:00+00:00,40868.05,40886.66,40838.14,40857.76,41.43042
2023-12-13T02:31:00+00:00,40857.77,40879.87,40796.01,40866.27,57.69318
2023-12-13T02:32:00+00:00,40866.27,40916.0,40866.26,40906.4,29.75609
2023-12-13T02:33:00+00:00,40906.39,40931.59,40902.33,40925.22,24.50957
2023-12-13T02:34:00+00:00,40925.22,40945.35,40902.01,40940.2,31.98035
2023-12-13T02:35:00+00:00,40940.2,40942.25,40893.23,40932.0,45.91265
2023-12-13T02:36:00+00:00,40931.99,40939.62,40891.12,40906.37,26.20977
2023-12-13T02:37:00+00:00,40906.38,40940.0,40904.61,40936.69,17.301
2023-12-13T02:38:00+00:00,40936.7,40985.32,40934.24,40982.07,38.91948
2023-12-13T02:39:00+00:00,40982.07,40989.61,40959.07,40959.08,47.24036
2023-12-13T02:40:00+00:00,40959.08,40980.38,40952.0,40956.41,25.272
2023-12-13T02:41:00+00:00,40956.42,40991.1,40952.0,40982.01,28.20135
2023-12-13T02:42:00+00:00,40982.01,41029.01,40972.6,41008.96,35.4715
2023-12-13T02:43:00+00:00,41008.96,41034.0,41006.0,41027.35,22.64543
2023-12-13T02:44:00+00:00,41027.35,41040.06,41022.06,41040.06,16.99242
2023-12-13T02:45:00+00:00,41040.05,41049.3,41012.39,41017.6,21.60168
2023-12-13T02:46:00+00:00,41017.59,41017.6,40988.49,41015.64,20.58649
2023-12-13T02:47:00+00:00,41015.63,41015.64,40975.87,41005.37,40.54007
2023-12-13T02:48:00+00:00,41005.38,41005.38,40971.1,40973.19,24.40062
2023-12-13T02:49:00+00:00,40973.2,40976.0,40961.1,40975.99,11.56341
2023-12-13T02:50:00+00:00,40976.0,40989.8,40957.28,40983.41,19.73071
2023-12-13T02:51:00+00:00,40983.42,41009.98,40979.97,40993.85,13.4306
2023-12-13T02:52:00+00:00,40993.84,41021.1,40993.84,41021.1,9.40869
2023-12-13T02:53:00+00:00,41021.09,41025.38,40979.05,40990.84,19.8725
2023-12-13T02:54:00+00:00,40990.83,40990.84,40943.2,40974.0,26.22521
2023-12-13T02:55:00+00:00,40974.0,40995.56,40961.11,40995.55,18.37233
2023-12-13T02:56:00+00:00,40995.56,41014.0,40995.55,41009.91,15.8726
2023-12-13T02:57:00+00:00,41009.9,41010.0,41003.12,41010.0,5.03833
2023-12-13T02:58:00+00:00,41009.99,41010.0,40970.0,40996.01,46.52381
2023-12-13T02:59:00+00:00,40996.01,41005.0,40979.99,41001.95,21.99376
2023-12-13T03:00:00+00:00,41001.94,41020.08,41001.94,41004.95,11.21403
2023-12-13T03:01:00+00:00,41004.96,41004.96,40961.1,40962.01,9.19854
2023-12-13T03:02:00+00:00,40962.01,40965.33,40946.46,40947.99,6.56736
2023-12-13T03:03:00+00:00,40948.0,40955.81,40930.0,40955.8,26.98809
2023-12-13T03:04:00+00:00,40955.8,40981.1,40955.8,40981.1,17.07265
2023-12-13T03:05:00+00:00,40981.09,41024.96,40981.09,41015.69,22.91523
2023-12-13T03:06:00+00:00,41015.7,41015.7,40991.1,41009.99,13.04028
2023-12-13T03:07:00+00:00,41010.0,41032.52,40995.96,41012.58,30.48901
2023-12-13T03:08:00+00:00,41012.59,41041.1,41012.58,41034.5,19.21256
2023-12-13T03:09:00+00:00,41034.5,41034.51,41012.56,41014.62,5.14487
2023-12-13T03:10:00+00:00,41014.63,41014.63,40983.25,40984.89,19.86701
2023-12-13T03:11:00+00:00,40984.89,40984.9,40954.56,40979.95,36.69461
2023-12-13T03:12:00+00:00,40979.96,40981.09,40952.0,40963.76,17.89199
2023-12-13T03:13:00+00:00,40963.76,40963.76,40942.01,40942.02,8.81221
2023-12-13T03:14:00+00:00,40942.01,40952.3,40932.27,40934.87,13.062
2023-12-13T03:15:00+00:00,40934.87,40952.0,40926.63,40952.0,26.83746
2023-12-13T03:16:00+00:00,40952.0,40971.66,40945.11,40956.35,19.70624
2023-12-13T03:17:00+00:00,40956.36,40956.36,40939.0,40946.33,11.14689
2023-12-13T03:18:00+00:00,40946.33,40946.34,40928.73,40931.81,21.59774
2023-12-13T03:19:00+00:00,40931.8,40931.81,40921.1,40926.76,5.99205
2023-12-13T03:20:00+00:00,40926.75,40926.76,40918.92,40925.43,4.09032
2023-12-13T03:21:00+00:00,40925.43,40949.04,40925.43,40947.33,12.22624
2023-12-13T03:22:00+00:00,40947.32,40960.0,40930.01,40948.45,17.65945
2023-12-13T03:23:00+00:00,40948.45,40948.46,40877.49,40877.49,29.63722
2023-12-13T03:24:00+00:00,40877.5,40882.02,40852.08,40855.99,21.73692
2023-12-13T03:25:00+00:00,40856.0,40874.19,40822.95,40826.0,36.93639
2023-12-13T03:26:00+00:00,40826.0,40855.06,40818.0,40850.21,21.17057
2023-12-13T03:27:00+00:00,40850.22,40851.08,40838.0,40851.07,5.51043
2023-12-13T03:28:00+00:00,40851.08,40856.03,40851.07,40852.98,12.65113
2023-12-13T03:29:00+00:00,40852.97,40880.5,40852.97,40872.97,8.22955
2023-12-13T03:30:00+00:00,40872.96,40884.02,40864.0,40884.0,16.19058
2023-12-13T03:31:00+00:00,40884.0,40900.0,40883.99,40899.99,15.26833
2023-12-13T03:32:00+00:00,40900.0,40956.04,40899.99,40956.04,25.98648
2023-12-13T03:33:00+00:00,40956.04,40980.36,40956.03,40980.36,14.83285
2023-12-13T03:34:00+00:00,40980.36,40990.0,40980.35,40986.82,12.45125
2023-12-13T03:35:00+00:00,40986.83,40999.51,40962.76,40974.3,31.37275
2023-12-13T03:36:00+00:00,40974.3,40974.3,40946.77,40946.78,19.11318
2023-12-13T03:37:00+00:00,40946.78,40966.42,40943.89,40947.14,28.57733
2023-12-13T03:38:00+00:00,40947.13,40954.01,40940.05,40940.05,8.10571
2023-12-13T03:39:00+00:00,40940.06,40943.08,40908.0,40939.61,14.66124
2023-12-13T03:40:00+00:00,40939.61,40945.52,40902.0,40919.89,29.22973
2023-12-13T03:41:00+00:00,40919.89,40924.0,40907.06,40924.0,15.50334
2023-12-13T03:42:00+00:00,40923.99,40980.26,40923.99,40980.02,36.28735
2023-12-13T03:43:00+00:00,40980.01,40980.02,40951.1,40951.11,16.80606
2023-12-13T03:44:00+00:00,40951.1,40951.11,40905.47,40905.48,9.26784
2023-12-13T03:45:00+00:00,40905.47,40912.02,40884.01,40889.05,32.74417
2023-12-13T03:46:00+00:00,40889.04,40915.03,40881.24,40915.02,22.36642
2023-12-13T03:47:00+00:00,40915.02,40931.42,40878.0,40881.02,29.54343
2023-12-13T03:48:00+00:00,40881.01,40884.01,40855.0,40855.0,15.21869
2023-12-13T03:49:00+00:00,40855.0,40856.34,40822.0,40824.13,33.93985
2023-12-13T03:50:00+00:00,40824.12,40849.96,40824.12,40845.99,15.13091
2023-12-13T03:51:00+00:00,40846.0,40880.0,40842.21,40879.99,24.80441
2023-12-13T03:52:00+00:00,40879.99,40884.59,40843.96,40843.96,26.25155
2023-12-13T03:53:00+00:00,40843.96,40847.99,40761.1,40770.79,41.38659
2023-12-13T03:54:00+00:00,40770.79,40811.1,40763.23,40790.78,53.48815
2023-12-13T03:55:00+00:00,40790.77,40813.31,40774.18,40801.67,31.84192
2023-12-13T03:56:00+00:00,40801.66,40809.41,40782.76,40804.91,37.72403
2023-12-13T03:57:00+00:00,40804.91,40808.43,40788.74,40808.43,24.74584
2023-12-13T03:58:00+00:00,40808.42,40835.19,40808.42,40828.0,23.32442
2023-12-13T03:59:00+00:00,40827.99,40829.36,40810.73,40829.36,17.60388
2023-12-13T04:00:00+00:00,40829.35,40832.76,40773.47,40820.0,57.31851
2023-12-13T04:01:00+00:00,40820.0,40826.0,40809.47,40821.1,18.26157
2023-12-13T04:02:00+00:00,40821.09,40837.82,40808.18,40808.18,19.59416
2023-12-13T04:03:00+00:00,40808.19,40851.1,40806.21,40845.66,42.58067
2023-12-13T04:04:00+00:00,40845.66,40900.08,40845.66,40876.0,133.85235
2023-12-13T04:05:00+00:00,40876.0,40876.0,40827.57,40827.58,20.91806
2023-12-13T04:06:00+00:00,40827.58,40858.47,40827.57,40856.0,27.61119
2023-12-13T04:07:00+00:00,40855.98,40888.77,40855.98,40888.76,25.94704
2023-12-13T04:08:00+00:00,40888.76,40891.09,40861.1,40861.1,17.74969
2023-12-13T04:09:00+00:00,40861.1,40861.11,40815.8,40825.69,16.68649
2023-12-13T04:10:00+00:00,40825.7,40833.99,40806.92,40828.28,20.27038
2023-12-13T04:11:00+00:00,40828.27,40854.02,40812.0,40822.0,29.53676
2023-12-13T04:12:00+00:00,40822.0,40822.01,40781.1,40781.11,24.11249
2023-12-13T04:13:00+00:00,40781.11,40785.46,40705.88,40749.53,51.65695
2023-12-13T04:14:00+00:00,40749.54,40769.23,40736.0,40740.8,25.21827
2023-12-13T04:15:00+00:00,40740.81,40750.0,40688.87,40745.36,29.80525
2023-12-13T04:16:00+00:00,40745.37,40745.37,40690.63,40697.99,34.26338
2023-12-13T04:17:00+00:00,40697.99,40750.0,40692.01,40750.0,49.4321
2023-12-13T04:18:00+00:00,40750.0,40758.13,40732.33,40741.11,21.94078
2023-12-13T04:19:00+00:00,40741.1,40751.77,40666.7,40674.28,24.76187
2023-12-13T04:20:00+00:00,40674.29,40714.0,40628.64,40709.2,52.09669
2023-12-13T04:21:00+00:00,40709.2,40758.12,40705.96,40758.11,20.86257
2023-12-13T04:22:00+00:00,40758.11,40785.69,40758.11,40785.69,19.40665
2023-12-13T04:23:00+00:00,40785.69,40790.92,40776.03,40790.92,13.42974
2023-12-13T04:24:00+00:00,40790.92,40806.95,40790.91,40798.77,27.53159
2023-12-13T04:25:00+00:00,40798.77,40814.74,40797.3,40814.74,17.4711
2023-12-13T04:26:00+00:00,40814.73,40814.74,40777.18,40777.19,13.11182
2023-12-13T04:27:00+00:00,40777.18,40801.1,40776.03,40801.09,22.13783
2023-12-13T04:28:00+00:00,40801.09,40824.88,40800.0,40824.88,29.06505
2023-12-13T04:29:00+00:00,40824.87,40836.16,40824.87,40831.77,17.11135
2023-12-13T04:30:00+00:00,40831.77,40844.64,40830.0,40844.64,8.28595
2023-12-13T04:31:00+00:00,40844.64,40844.64,40823.35,40841.09,10.52246
2023-12-13T04:32:00+00:00,40841.09,40865.15,40841.09,40858.0,27.83215
2023-12-13T04:33:00+00:00,40858.0,40873.86,40858.0,40862.0,32.63972
2023-12-13T04:34:00+00:00,40862.0,40862.01,40850.01,40850.02,38.27121
2023-12-13T04:35:00+00:00,40850.02,40866.37,40846.87,40861.55,16.52893
2023-12-13T04:36:00+00:00,40861.55,40873.85,40854.01,40868.71,16.76961
2023-12-13T04:37:00+00:00,40868.71,40868.71,40841.1,40841.11,23.53614
2023-12-13T04:38:00+00:00,40841.1,40866.0,40840.0,40865.99,11.64088
2023-12-13T04:39:00+00:00,40866.0,40870.88,40864.99,40870.87,7.41793
2023-12-13T04:40:00+00:00,40870.87,40890.0,40870.87,40890.0,18.01361
2023-12-13T04:41:00+00:00,40890.0,40893.33,40888.0,40893.32,15.842
2023-12-13T04:42:00+00:00,40893.33,40917.99,40890.56,40897.95,47.90999
2023-12-13T04:43:00+00:00,40897.95,40897.96,40878.3,40878.31,10.5476
2023-12-13T04:44:00+00:00,40878.3,40886.0,40878.3,40879.12,8.86496
2023-12-13T04:45:00+00:00,40879.12,40891.1,40879.11,40881.3,32.12569
2023-12-13T04:46:00+00:00,40881.31,40891.1,40880.39,40891.1,8.54288
2023-12-13T04:47:00+00:00,40891.09,40891.1,40882.72,40885.96,9.64143
2023-12-13T04:48:00+00:00,40885.96,40885.97,40858.01,40858.02,18.85331
2023-12-13T04:49:00+00:00,40858.02,40880.8,40840.0,40875.42,24.98332
2023-12-13T04:50:00+00:00,40875.42,40888.0,40864.01,40888.0,14.15432
2023-12-13T04:51:00+00:00,40887.99,40888.0,40863.12,40875.84,11.90854
2023-12-13T04:52:00+00:00,40875.83,40915.87,40875.83,40915.87,13.83359
2023-12-13T04:53:00+00:00,40915.86,40915.87,40901.26,40901.27,7.98374
2023-12-13T04:54:00+00:00,40901.26,40907.99,40901.26,40902.55,6.51222
2023-12-13T04:55:00+00:00,40902.56,40902.56,40888.01,40888.02,11.67872
2023-12-13T04:56:00+00:00,40888.01,40895.88,40888.01,40895.88,7.61461
2023-12-13T04:57:00+00:00,40895.87,40897.97,40885.27,40897.97,9.61923
2023-12-13T04:58:00+00:00,40897.96,40899.62,40894.0,40894.0,8.26762
2023-12-13T04:59:00+00:00,40894.01,40901.01,40894.0,40901.01,6.84753
2023-12-13T05:00:00+00:00,40901.01,40918.06,40901.0,40913.54,15.98009
2023-12-13T05:01:00+00:00,40913.54,40923.31,40909.01,40912.0,13.92458
2023-12-13T05:02:00+00:00,40912.0,40945.32,40911.99,40944.3,19.82322
2023-12-13T05:03:00+00:00,40944.29,40946.0,40944.29,40945.32,3.04634
2023-12-13T05:04:00+00:00,40945.33,40945.33,40926.0,40926.0,6.60312
2023-12-13T05:05:00+00:00,40926.0,40926.01,40911.1,40911.1,18.36738
2023-12-13T05:06:00+00:00,40911.1,40911.11,40902.0,40902.01,8.76678
2023-12-13T05:07:00+00:00,40902.0,40902.01,40888.57,40888.57,16.36943
2023-12-13T05:08:00+00:00,40888.57,40931.1,40888.57,40931.09,13.73307
2023-12-13T05:09:00+00:00,40931.1,40933.64,40920.01,40933.63,15.7053
2023-12-13T05:10:00+00:00,40933.63,40933.64,40903.14,40908.43,18.75637
2023-12-13T05:11:00+00:00,40908.43,40908.44,40885.28,40885.28,8.09216
2023-12-13T05:12:00+00:00,40885.29,40885.29,40859.02,40859.71,14.33565
2023-12-13T05:13:00+00:00,40859.71,40862.0,40842.64,40842.64,6.88399
2023-12-13T05:14:00+00:00,40842.64,40855.01,40840.0,40855.01,13.00928
2023-12-13T05:15:00+00:00,40855.01,40869.07,40840.0,40869.07,8.6337
2023-12-13T05:16:00+00:00,40869.07,40904.02,40869.06,40903.98,11.72053
2023-12-13T05:17:00+00:00,40903.99,40903.99,40871.1,40871.1,13.83436
2023-12-13T05:18:00+00:00,40871.11,40881.14,40871.1,40876.0,7.00655
2023-12-13T05:19:00+00:00,40876.01,40876.01,40852.4,40876.01,12.13238
2023-12-13T05:20:00+00:00,40876.01,40905.32,40876.0,40905.31,9.65591
2023-12-13T05:21:00+00:00,40905.31,40933.63,40905.31,40933.63,11.50889
2023-12-13T05:22:00+00:00,40933.62,40945.32,40933.62,40945.31,6.5777
2023-12-13T05:23:00+00:00,40945.31,40945.32,40915.69,40916.0,10.35694
2023-12-13T05:24:00+00:00,40916.01,40931.13,40916.0,40931.12,9.20516
2023-12-13T05:25:00+00:00,40931.13,40938.0,40914.0,40914.01,25.15826
2023-12-13T05:26:00+00:00,40914.01,40937.99,40911.11,40936.93,8.48239
2023-12-13T05:27:00+00:00,40936.92,40936.93,40914.01,40931.1,8.14087
2023-12-13T05:28:00+00:00,40931.1,40938.23,40927.18,40938.23,7.36577
2023-12-13T05:29:00+00:00,40938.22,40946.19,40936.71,40946.19,4.69027
2023-12-13T05:30:00+00:00,40946.18,40973.63,40946.18,40966.96,14.68979
2023-12-13T05:31:00+00:00,40966.96,40966.96,40920.33,40920.34,20.02664
2023-12-13T05:32:00+00:00,40920.34,40929.0,40920.33,40920.97,8.26378
2023-12-13T05:33:00+00:00,40920.97,40939.8,40916.56,40920.94,13.54935
2023-12-13T05:34:00+00:00,40920.93,40950.01,40918.88,40950.0,25.14981
2023-12-13T05:35:00+00:00,40950.01,40950.01,40931.1,40950.0,13.83056
2023-12-13T05:36:00+00:00,40949.99,40950.0,40924.9,40927.02,14.29356
2023-12-13T05:37:00+00:00,40927.02,40938.0,40914.81,40937.99,14.87482
2023-12-13T05:38:00+00:00,40937.99,40955.99,40937.99,40942.0,10.23071
2023-12-13T05:39:00+00:00,40942.01,40942.01,40924.0,40934.27,19.05353
2023-12-13T05:40:00+00:00,40934.28,40942.25,40916.02,40916.03,8.01974
2023-12-13T05:41:00+00:00,40916.03,40931.1,40916.02,40920.15,8.91133
2023-12-13T05:42:00+00:00,40920.14,40940.61,40920.14,40932.24,11.5234
2023-12-13T05:43:00+00:00,40932.25,40940.51,40930.0,40935.32,6.53742
2023-12-13T05:44:00+00:00,40935.33,40946.0,40935.32,40942.69,6.07871
2023-12-13T05:45:00+00:00,40942.7,40943.46,40924.01,40924.02,5.60093
2023-12-13T05:46:00+00:00,40924.01,40968.22,40924.01,40962.99,20.5001
2023-12-13T05:47:00+00:00,40963.0,40987.0,40962.99,40986.99,12.21266
2023-12-13T05:48:00+00:00,40986.99,41007.64,40986.99,41003.61,21.6198
2023-12-13T05:49:00+00:00,41003.62,41003.62,40981.1,40986.23,18.69127
2023-12-13T05:50:00+00:00,40986.23,41000.0,40965.22,40967.74,23.6472
2023-12-13T05:51:00+00:00,40967.73,40973.41,40954.17,40954.22,6.94902
2023-12-13T05:52:00+00:00,40954.22,40973.39,40954.21,40971.09,12.2564
2023-12-13T05:53:00+00:00,40971.1,40986.12,40971.09,40986.12,10.64953
2023-12-13T05:54:00+00:00,40986.11,40986.12,40970.48,40980.69,7.29388
2023-12-13T05:55:00+00:00,40980.68,40984.66,40979.19,40980.72,6.09908
2023-12-13T05:56:00+00:00,40980.73,40998.0,40971.1,40998.0,23.94956
2023-12-13T05:57:00+00:00,40997.99,41006.0,40988.17,41006.0,14.43892
2023-12-13T05:58:00+00:00,41006.0,41027.59,41001.21,41009.99,23.51728
2023-12-13T05:59:00+00:00,41009.98,41019.66,40998.0,41019.66,12.25189
2023-12-13T06:00:00+00:00,41019.65,41041.73,41019.65,41021.26,33.03695
2023-12-13T06:01:00+00:00,41021.25,41021.26,41004.0,41015.7,6.70312
2023-12-13T06:02:00+00:00,41015.71,41019.69,40992.94,40993.33,16.64174
2023-12-13T06:03:00+00:00,40993.33,41057.71,40993.32,41057.71,25.73112
2023-12-13T06:04:00+00:00,41057.71,41057.71,41026.0,41026.01,15.51455
2023-12-13T06:05:00+00:00,41026.0,41056.37,41026.0,41038.04,32.37613
2023-12-13T06:06:00+00:00,41038.05,41043.41,41011.65,41039.81,21.54192
2023-12-13T06:07:00+00:00,41039.8,41039.81,41026.19,41032.87,21.62144
2023-12-13T06:08:00+00:00,41032.86,41035.01,41026.21,41028.69,14.70766
2023-12-13T06:09:00+00:00,41028.69,41051.1,41028.68,41051.09,17.94969
2023-12-13T06:10:00+00:00,41051.1,41060.0,41051.09,41059.95,9.61603
2023-12-13T06:11:00+00:00,41059.95,41061.1,41050.01,41050.02,11.30772
2023-12-13T06:12:00+00:00,41050.01,41050.02,41022.0,41022.01,29.38782
2023-12-13T06:13:00+00:00,41022.01,41051.1,41022.0,41051.1,15.99296
2023-12-13T06:14:00+00:00,41051.09,41064.0,41040.29,41045.18,28.0727
2023-12-13T06:15:00+00:00,41045.18,41053.65,41044.97,41053.64,15.70064
2023-12-13T06:16:00+00:00,41053.64,41053.65,41025.85,41035.28,18.88064
2023-12-13T06:17:00+00:00,41035.27,41051.59,41032.67,41051.59,15.18638
2023-12-13T06:18:00+00:00,41051.59,41051.62,41044.97,41046.92,9.54988
2023-12-13T06:19:00+00:00,41046.93,41053.49,41045.95,41049.94,18.48284
2023-12-13T06:20:00+00:00,41049.94,41052.89,41049.93,41052.88,4.67434
2023-12-13T06:21:00+00:00,41052.89,41052.89,41052.88,41052.88,5.66152
2023-12-13T06:22:00+00:00,41052.89,41053.48,41052.88,41053.48,9.93628
2023-12-13T06:23:00+00:00,41053.48,41053.48,41018.44,41018.44,32.00728
2023-12-13T06:24:00+00:00,41018.45,41023.03,41018.44,41023.02,6.22801
2023-12-13T06:25:00+00:00,41023.02,41023.03,41007.56,41016.0,20.65739
2023-12-13T06:26:00+00:00,41016.0,41016.0,41009.27,41009.28,25.76769
2023-12-13T06:27:00+00:00,41009.27,41019.09,41009.27,41014.94,24.0274
2023-12-13T06:28:00+00:00,41014.93,41014.94,40995.68,40995.68,21.01162
2023-12-13T06:29:00+00:00,40995.69,41003.98,40995.68,41000.02,13.84404
2023-12-13T06:30:00+00:00,41000.02,41011.1,40998.02,40999.99,16.68751
2023-12-13T06:31:00+00:00,41000.0,41000.0,40999.92,40999.93,2.26201
2023-12-13T06:32:00+00:00,40999.92,40999.93,40999.64,40999.64,3.01617
2023-12-13T06:33:00+00:00,40999.64,41034.64,40999.64,41034.64,13.66846
2023-12-13T06:34:00+00:00,41034.64,41034.67,41011.1,41011.11,21.90635
2023-12-13T06:35:00+00:00,41011.1,41011.11,40995.96,41004.69,8.84718
2023-12-13T06:36:00+00:00,41004.69,41020.12,41004.68,41020.12,10.29322
2023-12-13T06:37:00+00:00,41020.12,41020.12,40999.2,40999.21,12.05028
2023-12-13T06:38:00+00:00,40999.2,41007.37,40995.96,40995.99,8.85578
2023-12-13T06:39:00+00:00,40995.99,41004.15,40982.44,40982.44,13.53764
2023-12-13T06:40:00+00:00,40982.45,40982.45,40957.19,40968.08,20.18213
2023-12-13T06:41:00+00:00,40968.09,40986.93,40968.08,40986.92,10.80975
2023-12-13T06:42:00+00:00,40986.93,40992.69,40986.92,40990.61,9.82277
2023-12-13T06:43:00+00:00,40990.62,40990.62,40963.08,40963.08,15.17051
2023-12-13T06:44:00+00:00,40963.08,40963.09,40938.42,40938.43,21.83412
2023-12-13T06:45:00+00:00,40938.43,40938.43,40927.08,40936.33,14.26261
2023-12-13T06:46:00+00:00,40936.33,40950.0,40923.81,40949.63,18.23416
2023-12-13T06:47:00+00:00,40949.63,40953.95,40906.55,40930.01,37.39168
2023-12-13T06:48:00+00:00,40930.0,40957.99,40930.0,40957.99,18.13705
2023-12-13T06:49:00+00:00,40957.98,40971.1,40957.98,40962.05,15.06257
2023-12-13T06:50:00+00:00,40962.05,40962.05,40913.13,40918.59,19.46494
2023-12-13T06:51:00+00:00,40918.58,40931.1,40918.58,40921.1,18.68927
2023-12-13T06:52:00+00:00,40921.11,40921.11,40904.01,40904.02,30.28688
2023-12-13T06:53:00+00:00,40904.01,40924.38,40885.86,40924.38,20.35734
2023-12-13T06:54:00+00:00,40924.37,40924.38,40885.49,40885.49,29.42903
2023-12-13T06:55:00+00:00,40885.49,40897.56,40867.42,40869.99,38.29898
2023-12-13T06:56:00+00:00,40870.0,40876.75,40827.96,40838.01,42.25127
2023-12-13T06:57:00+00:00,40838.01,40844.66,40826.09,40836.97,49.13874
2023-12-13T06:58:00+00:00,40836.97,40883.14,40836.97,40838.55,32.67552
2023-12-13T06:59:00+00:00,40838.54,40866.4,40838.54,40865.99,23.04087
2023-12-13T07:00:00+00:00,40866.0,40866.0,40800.0,40859.41,56.71411
2023-12-13T07:01:00+00:00,40859.41,40908.68,40859.4,40908.67,49.52173
2023-12-13T07:02:00+00:00,40908.67,40910.53,40852.0,40910.08,38.14914
2023-12-13T07:03:00+00:00,40910.07,40938.97,40910.07,40938.96,22.54454
2023-12-13T07:04:00+00:00,40938.96,40938.97,40929.42,40932.46,23.79295
2023-12-13T07:05:00+00:00,40932.47,40960.84,40932.42,40960.84,18.70353
2023-12-13T07:06:00+00:00,40960.83,41033.99,40960.83,41033.43,38.08594
2023-12-13T07:07:00+00:00,41033.43,41067.37,41030.51,41063.99,48.33503
2023-12-13T07:08:00+00:00,41063.99,41155.83,41056.26,41144.92,111.75769
2023-12-13T07:09:00+00:00,41144.92,41196.01,41121.1,41121.11,100.62222
2023-12-13T07:10:00+00:00,41121.1,41174.02,41121.1,41132.01,121.47845
2023-12-13T07:11:00+00:00,41132.0,41136.69,41112.94,41119.94,26.61312
2023-12-13T07:12:00+00:00,41119.95,41123.44,41084.0,41092.0,36.10517
2023-12-13T07:13:00+00:00,41092.0,41111.1,41083.91,41084.01,16.25746
2023-12-13T07:14:00+00:00,41084.01,41090.43,41074.0,41090.43,21.28968
2023-12-13T07:15:00+00:00,41090.43,41094.99,41079.69,41081.73,13.97187
2023-12-13T07:16:00+00:00,41081.73,41143.28,41072.28,41137.9,31.33252
2023-12-13T07:17:00+00:00,41137.9,41137.9,41120.0,41127.18,13.24878
2023-12-13T07:18:00+00:00,41127.19,41151.1,41114.19,41151.09,50.12781
2023-12-13T07:19:00+00:00,41151.1,41151.1,41131.06,41131.06,11.82347
2023-12-13T07:20:00+00:00,41131.07,41146.69,41092.0,41092.0,50.43664
2023-12-13T07:21:00+00:00,41092.0,41135.2,41092.0,41129.15,22.41312
2023-12-13T07:22:00+00:00,41129.14,41197.48,41128.44,41190.6,30.08959
2023-12-13T07:23:00+00:00,41190.6,41190.94,41166.0,41188.87,28.20257
2023-12-13T07:24:00+00:00,41188.87,41208.0,41178.68,41208.0,25.88494
2023-12-13T07:25:00+00:00,41207.99,41242.0,41203.8,41211.12,43.87314
2023-12-13T07:26:00+00:00,41211.13,41221.1,41205.44,41221.09,13.77582
2023-12-13T07:27:00+00:00,41221.09,41221.17,41188.56,41201.09,18.41794
2023-12-13T07:28:00+00:00,41201.1,41233.95,41195.18,41223.69,33.64314
2023-12-13T07:29:00+00:00,41223.69,41223.69,41196.1,41198.41,11.35523
2023-12-13T07:30:00+00:00,41198.41,41204.2,41183.63,41183.64,19.1597
2023-12-13T07:31:00+00:00,41183.64,41190.64,41164.85,41170.49,16.09811
2023-12-13T07:32:00+00:00,41170.49,41170.5,41161.1,41161.1,10.03636
2023-12-13T07:33:00+00:00,41161.1,41174.03,41156.7,41163.45,36.03248
2023-12-13T07:34:00+00:00,41163.45,41169.43,41146.5,41169.43,24.51689
2023-12-13T07:35:00+00:00,41169.43,41181.19,41152.69,41169.51,20.11451
2023-12-13T07:36:00+00:00,41169.51,41169.52,41135.0,41139.38,16.77332
2023-12-13T07:37:00+00:00,41139.38,41158.93,41139.38,41157.97,12.20916
2023-12-13T07:38:00+00:00,41157.97,41157.98,41148.0,41157.18,7.51114
2023-12-13T07:39:00+00:00,41157.18,41171.94,41139.38,41170.0,15.47576
2023-12-13T07:40:00+00:00,41170.0,41177.34,41159.94,41161.98,15.06903
2023-12-13T07:41:00+00:00,41161.97,41161.98,41136.0,41138.91,19.42347
2023-12-13T07:42:00+00:00,41138.9,41154.95,41134.04,41154.95,7.34184
2023-12-13T07:43:00+00:00,41154.94,41157.43,41150.0,41155.86,11.04854
2023-12-13T07:44:00+00:00,41155.86,41155.87,41142.11,41145.72,8.0224
2023-12-13T07:45:00+00:00,41145.72,41158.0,41145.71,41157.99,10.84331
2023-12-13T07:46:00+00:00,41157.99,41158.0,41131.1,41134.96,16.49131
2023-12-13T07:47:00+00:00,41134.95,41134.96,41117.4,41125.94,17.55755
2023-12-13T07:48:00+00:00,41125.95,41125.96,41120.16,41120.16,5.65882
2023-12-13T07:49:00+00:00,41120.17,41131.1,41112.97,41123.98,14.16088
2023-12-13T07:50:00+00:00,41123.99,41125.99,41112.0,41120.0,15.08951
2023-12-13T07:51:00+00:00,41119.99,41132.0,41119.99,41131.99,6.64016
2023-12-13T07:52:00+00:00,41131.99,41155.01,41131.99,41136.5,8.63442
2023-12-13T07:53:00+00:00,41136.49,41142.68,41136.49,41142.19,8.6172
2023-12-13T07:54:00+00:00,41142.2,41142.2,41121.91,41121.91,15.09766
2023-12-13T07:55:00+00:00,41121.92,41131.1,41109.66,41131.1,18.52357
2023-12-13T07:56:00+00:00,41131.1,41132.09,41126.66,41132.09,13.63065
2023-12-13T07:57:00+00:00,41132.08,41134.69,41113.24,41122.59,8.25512
2023-12-13T07:58:00+00:00,41122.59,41124.19,41113.24,41113.25,14.27546
2023-12-13T07:59:00+00:00,41113.24,41115.28,41108.5,41115.27,9.81466
2023-12-13T08:00:00+00:00,41115.28,41129.69,41114.33,41125.97,9.6334
2023-12-13T08:01:00+00:00,41125.98,41132.61,41120.71,41132.6,8.81859
2023-12-13T08:02:00+00:00,41132.61,41157.85,41132.6,41150.02,22.15711
2023-12-13T08:03:00+00:00,41150.02,41155.0,41138.53,41155.0,15.01858
2023-12-13T08:04:00+00:00,41154.99,41180.69,41154.99,41180.68,13.06435
2023-12-13T08:05:00+00:00,41180.69,41180.69,41163.44,41163.45,15.99065
2023-12-13T08:06:00+00:00,41163.44,41164.04,41150.65,41159.98,15.72209
2023-12-13T08:07:00+00:00,41159.98,41169.47,41159.98,41169.38,9.86174
2023-12-13T08:08:00+00:00,41169.38,41202.91,41169.38,41202.9,16.38981
2023-12-13T08:09:00+00:00,41202.9,41223.94,41202.9,41223.93,27.1173
2023-12-13T08:10:00+00:00,41223.93,41230.07,41210.19,41210.2,24.22908
2023-12-13T08:11:00+00:00,41210.19,41210.2,41187.66,41207.37,11.37287
2023-12-13T08:12:00+00:00,41207.38,41207.38,41174.41,41185.17,28.24343
2023-12-13T08:13:00+00:00,41185.16,41187.23,41184.13,41184.14,19.22709
2023-12-13T08:14:00+00:00,41184.13,41191.1,41184.13,41185.18,28.70775
2023-12-13T08:15:00+00:00,41185.18,41199.19,41185.17,41199.18,23.43789
2023-12-13T08:16:00+00:00,41199.19,41199.19,41174.67,41174.67,13.43969
2023-12-13T08:17:00+00:00,41174.67,41174.7,41161.2,41169.53,68.24969
2023-12-13T08:18:00+00:00,41169.54,41177.02,41169.53,41170.18,12.28285
2023-12-13T08:19:00+00:00,41170.17,41184.82,41170.17,41184.82,13.05744
2023-12-13T08:20:00+00:00,41184.82,41190.53,41184.81,41190.52,4.91401
2023-12-13T08:21:00+00:00,41190.52,41190.53,41171.1,41171.1,16.03484
2023-12-13T08:22:00+00:00,41171.1,41172.1,41171.06,41172.1,6.37544
2023-12-13T08:23:00+00:00,41172.09,41175.69,41172.09,41175.68,8.541
2023-12-13T08:24:00+00:00,41175.69,41190.0,41175.68,41189.99,13.57532
2023-12-13T08:25:00+00:00,41190.0,41190.0,41183.4,41188.14,16.91156
2023-12-13T08:26:00+00:00,41188.13,41220.22,41188.13,41220.2,38.78913
2023-12-13T08:27:00+00:00,41220.19,41220.2,41199.47,41207.71,22.15198
2023-12-13T08:28:00+00:00,41207.71,41223.56,41207.7,41219.99,8.44901
2023-12-13T08:29:00+00:00,41220.0,41221.3,41214.0,41219.99,15.5357
2023-12-13T08:30:00+00:00,41220.0,41230.0,41219.99,41229.3,15.38995
2023-12-13T08:31:00+00:00,41229.3,41253.4,41229.3,41253.4,24.65503
2023-12-13T08:32:00+00:00,41253.4,41261.1,41250.74,41255.73,15.07809
2023-12-13T08:33:00+00:00,41255.74,41261.69,41246.65,41260.01,54.32154
2023-12-13T08:34:00+00:00,41260.0,41272.97,41255.48,41272.97,20.13449
2023-12-13T08:35:00+00:00,41272.97,41280.0,41272.97,41279.98,82.43214
2023-12-13T08:36:00+00:00,41279.99,41279.99,41263.32,41263.32,16.05695
2023-12-13T08:37:00+00:00,41263.33,41263.33,41223.97,41240.0,35.89155
2023-12-13T08:38:00+00:00,41240.0,41240.0,41229.85,41232.43,12.03397
2023-12-13T08:39:00+00:00,41232.43,41232.44,41232.43,41232.44,4.12057
2023-12-13T08:40:00+00:00,41232.43,41232.44,41213.94,41220.42,19.55521
2023-12-13T08:41:00+00:00,41220.42,41221.44,41216.17,41216.18,8.2336
2023-12-13T08:42:00+00:00,41216.17,41240.05,41216.17,41240.05,22.49457
2023-12-13T08:43:00+00:00,41240.04,41242.69,41227.12,41227.13,6.85568
2023-12-13T08:44:00+00:00,41227.12,41234.69,41227.12,41228.01,4.02357
2023-12-13T08:45:00+00:00,41228.0,41244.69,41228.0,41238.43,7.61788
2023-12-13T08:46:00+00:00,41238.43,41238.44,41215.22,41215.22,13.61862
2023-12-13T08:47:00+00:00,41215.23,41215.26,41211.64,41211.64,6.71504
2023-12-13T08:48:00+00:00,41211.65,41211.65,41194.28,41194.29,8.5175
2023-12-13T08:49:00+00:00,41194.28,41199.58,41194.28,41199.58,18.23862
2023-12-13T08:50:00+00:00,41199.57,41236.19,41199.57,41236.19,14.04952
2023-12-13T08:51:00+00:00,41236.19,41238.43,41227.94,41227.94,8.91326
2023-12-13T08:52:00+00:00,41227.95,41234.54,41227.94,41230.95,25.43267
2023-12-13T08:53:00+00:00,41230.94,41230.95,41214.0,41214.0,15.47077
2023-12-13T08:54:00+00:00,41214.01,41234.0,41214.0,41233.99,16.54139
2023-12-13T08:55:00+00:00,41234.0,41234.0,41209.95,41209.96,15.29353
2023-12-13T08:56:00+00:00,41209.96,41226.53,41209.95,41226.52,8.63124
2023-12-13T08:57:00+00:00,41226.52,41240.0,41226.52,41239.99,16.55541
2023-12-13T08:58:00+00:00,41239.99,41257.2,41239.99,41257.2,11.67789
2023-12-13T08:59:00+00:00,41257.2,41267.88,41257.19,41267.88,10.74234
2023-12-13T09:00:00+00:00,41267.87,41267.88,41248.01,41248.02,13.74691
2023-12-13T09:01:00+00:00,41248.02,41254.19,41248.01,41254.18,12.4358
2023-12-13T09:02:00+00:00,41254.18,41254.19,41216.44,41216.44,21.51756
2023-12-13T09:03:00+00:00,41216.45,41216.48,41179.33,41188.61,43.02581
2023-12-13T09:04:00+00:00,41188.6,41208.33,41188.6,41208.33,15.71174
2023-12-13T09:05:00+00:00,41208.32,41208.33,41179.4,41184.15,50.5221
2023-12-13T09:06:00+00:00,41184.14,41205.31,41179.41,41205.3,10.26514
2023-12-13T09:07:00+00:00,41205.31,41205.31,41188.82,41188.83,10.17896
2023-12-13T09:08:00+00:00,41188.83,41188.83,41176.98,41181.99,26.49558
2023-12-13T09:09:00+00:00,41181.99,41186.44,41180.73,41180.73,10.26366
2023-12-13T09:10:00+00:00,41180.73,41180.77,41146.0,41148.2,30.6377
2023-12-13T09:11:00+00:00,41148.2,41167.75,41148.2,41157.56,13.02954
2023-12-13T09:12:00+00:00,41157.56,41175.08,41157.55,41174.8,18.36728
2023-12-13T09:13:00+00:00,41174.81,41174.81,41156.01,41156.02,19.41812
2023-12-13T09:14:00+00:00,41156.01,41162.62,41141.1,41149.23,24.32305
2023-12-13T09:15:00+00:00,41149.22,41163.6,41145.0,41163.59,16.70402
2023-12-13T09:16:00+00:00,41163.59,41171.1,41141.1,41141.1,21.1509
2023-12-13T09:17:00+00:00,41141.11,41164.88,41141.1,41164.88,7.46108
2023-12-13T09:18:00+00:00,41164.87,41167.38,41152.26,41152.36,23.10409
2023-12-13T09:19:00+00:00,41152.35,41165.08,41152.35,41163.68,14.92643
2023-12-13T09:20:00+00:00,41163.68,41168.59,41163.67,41163.68,19.93529
2023-12-13T09:21:00+00:00,41163.68,41163.68,41151.1,41163.01,10.34582
2023-12-13T09:22:00+00:00,41163.01,41172.75,41163.0,41172.0,21.3917
2023-12-13T09:23:00+00:00,41172.01,41172.01,41161.1,41161.11,10.41062
2023-12-13T09:24:00+00:00,41161.1,41165.56,41161.1,41165.52,12.54019
2023-12-13T09:25:00+00:00,41165.53,41165.53,41161.12,41161.13,5.88528
2023-12-13T09:26:00+00:00,41161.12,41161.13,41143.96,41150.0,35.40208
2023-12-13T09:27:00+00:00,41150.0,41150.0,41132.0,41136.36,24.07007
2023-12-13T09:28:00+00:00,41136.35,41165.26,41136.35,41165.25,12.42628
2023-12-13T09:29:00+00:00,41165.26,41167.3,41165.25,41165.79,4.45737
2023-12-13T09:30:00+00:00,41165.8,41165.8,41165.78,41165.79,3.36759
2023-12-13T09:31:00+00:00,41165.78,41177.58,41155.93,41174.85,32.95771
2023-12-13T09:32:00+00:00,41174.85,41188.44,41174.84,41188.44,14.59453
2023-12-13T09:33:00+00:00,41188.43,41188.44,41188.43,41188.43,3.90004
2023-12-13T09:34:00+00:00,41188.43,41204.77,41188.43,41204.77,11.61252
2023-12-13T09:35:00+00:00,41204.76,41209.67,41142.0,41142.01,18.30673
2023-12-13T09:36:00+00:00,41142.01,41142.01,41136.35,41141.45,11.34753
2023-12-13T09:37:00+00:00,41141.44,41141.45,41106.01,41121.87,26.99837
2023-12-13T09:38:00+00:00,41121.87,41126.94,41115.06,41123.25,15.78355
2023-12-13T09:39:00+00:00,41123.26,41123.26,41081.1,41082.89,31.24812
2023-12-13T09:40:00+00:00,41082.9,41110.0,41054.36,41109.99,35.55084
2023-12-13T09:41:00+00:00,41109.99,41145.03,41109.99,41139.14,32.85277
2023-12-13T09:42:00+00:00,41139.14,41169.21,41138.95,41169.2,12.72049
2023-12-13T09:43:00+00:00,41169.2,41170.0,41158.25,41158.26,11.65427
2023-12-13T09:44:00+00:00,41158.26,41169.99,41158.25,41169.97,5.62678
2023-12-13T09:45:00+00:00,41169.97,41193.99,41169.96,41183.44,9.18498
2023-12-13T09:46:00+00:00,41183.45,41192.21,41177.12,41177.12,42.39151
2023-12-13T09:47:00+00:00,41177.12,41198.91,41166.82,41190.69,26.62487
2023-12-13T09:48:00+00:00,41190.69,41212.25,41190.69,41212.25,24.86905
2023-12-13T09:49:00+00:00,41212.24,41230.0,41212.24,41226.12,12.00141
2023-12-13T09:50:00+00:00,41226.11,41233.19,41226.11,41228.12,8.21966
2023-12-13T09:51:00+00:00,41228.12,41228.13,41212.2,41216.56,7.78627
2023-12-13T09:52:00+00:00,41216.56,41226.06,41216.56,41226.06,6.95832
2023-12-13T09:53:00+00:00,41226.05,41228.0,41219.2,41219.21,7.35389
2023-12-13T09:54:00+00:00,41219.2,41219.21,41206.08,41212.45,7.67872
2023-12-13T09:55:00+00:00,41212.45,41220.0,41187.65,41220.0,7.45042
2023-12-13T09:56:00+00:00,41220.0,41230.0,41219.99,41227.01,9.16359
2023-12-13T09:57:00+00:00,41227.0,41227.01,41220.56,41220.57,5.48585
2023-12-13T09:58:00+00:00,41220.56,41225.43,41220.56,41222.69,7.16142
2023-12-13T09:59:00+00:00,41222.69,41222.7,41219.36,41219.37,2.80238
2023-12-13T10:00:00+00:00,41219.37,41231.1,41207.34,41207.34,20.83669
2023-12-13T10:01:00+00:00,41207.35,41212.71,41199.51,41203.94,9.16618
2023-12-13T10:02:00+00:00,41203.94,41212.71,41201.1,41201.11,9.4605
2023-12-13T10:03:00+00:00,41201.1,41209.96,41199.47,41209.96,8.25944
2023-12-13T10:04:00+00:00,41209.96,41224.19,41209.95,41224.18,8.89657
2023-12-13T10:05:00+00:00,41224.19,41224.6,41216.48,41216.48,16.6261
2023-12-13T10:06:00+00:00,41216.48,41216.49,41213.41,41213.41,5.45459
2023-12-13T10:07:00+00:00,41213.41,41218.08,41212.0,41212.01,10.88869
2023-12-13T10:08:00+00:00,41212.0,41224.14,41212.0,41216.0,8.60763
2023-12-13T10:09:00+00:00,41216.01,41228.0,41216.0,41228.0,6.15242
2023-12-13T10:10:00+00:00,41228.0,41228.0,41221.04,41221.05,15.95594
2023-12-13T10:11:00+00:00,41221.05,41233.19,41216.01,41233.18,20.78124
2023-12-13T10:12:00+00:00,41233.19,41254.68,41233.18,41254.67,31.24844
2023-12-13T10:13:00+00:00,41254.68,41254.69,41246.09,41254.69,18.65321
2023-12-13T10:14:00+00:00,41254.69,41254.69,41250.0,41250.0,6.39701
2023-12-13T10:15:00+00:00,41250.01,41252.23,41250.0,41250.01,8.2252
2023-12-13T10:16:00+00:00,41250.0,41250.01,41213.82,41213.82,16.1979
2023-12-13T10:17:00+00:00,41213.82,41227.17,41213.82,41218.19,17.82559
2023-12-13T10:18:00+00:00,41218.18,41218.19,41209.94,41209.95,10.87305
2023-12-13T10:19:00+00:00,41209.94,41209.95,41207.99,41208.0,14.47792
2023-12-13T10:20:00+00:00,41207.99,41208.0,41191.1,41191.1,7.84125
2023-12-13T10:21:00+00:00,41191.11,41193.63,41183.8,41183.8,9.61642
2023-12-13T10:22:00+00:00,41183.8,41183.81,41167.98,41167.99,7.04593
2023-12-13T10:23:00+00:00,41167.98,41172.44,41167.98,41172.43,7.41988
2023-12-13T10:24:00+00:00,41172.43,41191.1,41172.43,41191.09,7.0846
2023-12-13T10:25:00+00:00,41191.1,41195.23,41191.09,41195.22,6.09278
2023-12-13T10:26:00+00:00,41195.22,41195.23,41153.41,41158.01,33.3075
2023-12-13T10:27:00+00:00,41158.0,41158.01,41147.33,41147.33,13.81051
2023-12-13T10:28:00+00:00,41147.34,41169.44,41141.47,41169.43,19.87595
2023-12-13T10:29:00+00:00,41169.44,41169.44,41153.12,41153.13,6.56063
2023-12-13T10:30:00+00:00,41153.12,41153.53,41146.0,41149.94,20.11262
2023-12-13T10:31:00+00:00,41149.95,41153.53,41126.44,41126.45,20.53086
2023-12-13T10:32:00+00:00,41126.44,41152.97,41126.44,41152.96,9.86568
2023-12-13T10:33:00+00:00,41152.97,41152.97,41152.96,41152.96,2.87337
2023-12-13T10:34:00+00:00,41152.97,41152.97,41141.17,41148.88,14.64052
2023-12-13T10:35:00+00:00,41148.89,41152.64,41141.94,41152.63,5.76608
2023-12-13T10:36:00+00:00,41152.63,41221.1,41152.63,41221.09,31.30214
2023-12-13T10:37:00+00:00,41221.1,41221.1,41201.05,41201.06,15.9746
2023-12-13T10:38:00+00:00,41201.06,41201.06,41149.99,41150.0,31.76027
2023-12-13T10:39:00+00:00,41150.0,41165.89,41149.99,41165.88,17.35115
2023-12-13T10:40:00+00:00,41165.89,41168.98,41165.88,41168.98,6.52196
2023-12-13T10:41:00+00:00,41168.98,41168.98,41154.32,41159.18,9.13472
2023-12-13T10:42:00+00:00,41159.18,41159.19,41142.8,41153.51,6.62151
2023-12-13T10:43:00+00:00,41153.5,41156.1,41143.42,41146.44,9.47023
2023-12-13T10:44:00+00:00,41146.43,41154.83,41141.1,41141.11,13.94628
2023-12-13T10:45:00+00:00,41141.11,41142.13,41131.1,41131.1,9.90971
2023-12-13T10:46:00+00:00,41131.11,41137.4,41131.1,41136.33,8.5399
2023-12-13T10:47:00+00:00,41136.34,41146.63,41136.33,41140.08,13.31683
2023-12-13T10:48:00+00:00,41140.07,41145.0,41140.07,41140.1,7.00222
2023-12-13T10:49:00+00:00,41140.11,41140.11,41096.0,41096.0,27.31556
2023-12-13T10:50:00+00:00,41096.0,41106.72,41089.23,41092.0,27.74916
2023-12-13T10:51:00+00:00,41092.01,41094.19,41077.45,41079.96,33.77869
2023-12-13T10:52:00+00:00,41079.95,41100.76,41079.95,41099.99,36.54798
2023-12-13T10:53:00+00:00,41099.99,41105.65,41091.09,41091.09,11.35827
2023-12-13T10:54:00+00:00,41091.09,41100.0,41091.09,41100.0,3.03828
2023-12-13T10:55:00+00:00,41099.99,41122.33,41099.99,41122.33,18.38216
2023-12-13T10:56:00+00:00,41122.33,41128.98,41117.99,41118.0,17.78241
2023-12-13T10:57:00+00:00,41117.99,41128.97,41117.99,41126.51,9.86953
2023-12-13T10:58:00+00:00,41126.51,41145.0,41126.5,41145.0,11.99309
2023-12-13T10:59:00+00:00,41145.0,41149.31,41143.26,41143.26,8.83514
2023-12-13T11:00:00+00:00,41143.26,41172.56,41143.26,41168.81,15.23537
2023-12-13T11:01:00+00:00,41168.81,41172.54,41153.99,41168.42,41.3347
2023-12-13T11:02:00+00:00,41168.42,41168.43,41141.44,41142.0,15.12514
2023-12-13T11:03:00+00:00,41141.99,41143.93,41137.57,41143.93,8.36854
2023-12-13T11:04:00+00:00,41143.92,41159.19,41143.92,41159.18,6.54241
2023-12-13T11:05:00+00:00,41159.18,41183.11,41159.18,41183.1,12.06432
2023-12-13T11:06:00+00:00,41183.11,41183.3,41178.0,41179.78,12.92705
2023-12-13T11:07:00+00:00,41179.79,41189.69,41179.78,41189.68,5.0424
2023-12-13T11:08:00+00:00,41189.69,41205.0,41189.68,41205.0,13.89312
2023-12-13T11:09:00+00:00,41204.99,41206.16,41195.13,41195.14,22.17709
2023-12-13T11:10:00+00:00,41195.13,41200.0,41189.68,41189.68,9.16407
2023-12-13T11:11:00+00:00,41189.68,41189.69,41179.13,41181.1,12.3548
2023-12-13T11:12:00+00:00,41181.11,41181.11,41179.13,41179.14,4.43596
2023-12-13T11:13:00+00:00,41179.13,41179.14,41156.0,41156.19,10.61003
2023-12-13T11:14:00+00:00,41156.19,41162.0,41152.77,41162.0,16.08982
2023-12-13T11:15:00+00:00,41161.99,41192.76,41157.36,41192.76,12.12306
2023-12-13T11:16:00+00:00,41192.75,41219.24,41192.75,41210.01,21.25757
2023-12-13T11:17:00+00:00,41210.0,41216.05,41194.42,41197.62,14.25003
2023-12-13T11:18:00+00:00,41197.63,41203.81,41197.62,41201.21,5.36677
2023-12-13T11:19:00+00:00,41201.21,41201.22,41145.2,41161.77,19.07958
2023-12-13T11:20:00+00:00,41161.77,41161.78,41149.71,41159.79,8.5405
2023-12-13T11:21:00+00:00,41159.78,41159.79,41132.25,41132.25,7.61054
2023-12-13T11:22:00+00:00,41132.25,41137.61,41132.25,41137.61,5.44288
2023-12-13T11:23:00+00:00,41137.6,41150.0,41137.6,41149.99,7.73334
2023-12-13T11:24:00+00:00,41150.0,41162.97,41144.87,41162.97,14.13889
2023-12-13T11:25:00+00:00,41162.97,41174.19,41138.3,41138.49,26.12316
2023-12-13T11:26:00+00:00,41138.5,41138.5,41123.95,41126.95,11.63557
2023-12-13T11:27:00+00:00,41126.94,41126.95,41111.1,41111.1,9.63247
2023-12-13T11:28:00+00:00,41111.1,41126.57,41107.6,41126.56,19.59641
2023-12-13T11:29:00+00:00,41126.56,41144.0,41126.56,41144.0,8.60198
2023-12-13T11:30:00+00:00,41143.99,41157.5,41143.99,41149.99,9.4203
2023-12-13T11:31:00+00:00,41150.0,41150.0,41133.99,41134.0,12.29363
2023-12-13T11:32:00+00:00,41134.0,41145.91,41131.1,41131.1,15.73893
2023-12-13T11:33:00+00:00,41131.1,41136.9,41126.7,41128.05,11.42882
2023-12-13T11:34:00+00:00,41128.06,41137.38,41127.22,41137.38,8.93887
2023-12-13T11:35:00+00:00,41137.38,41139.44,41121.19,41121.2,6.52936
2023-12-13T11:36:00+00:00,41121.19,41121.2,41112.14,41112.14,6.59647
2023-12-13T11:37:00+00:00,41112.14,41112.15,41098.0,41098.01,7.41965
2023-12-13T11:38:00+00:00,41098.01,41098.01,41064.08,41064.09,33.45627
2023-12-13T11:39:00+00:00,41064.09,41078.44,41064.08,41077.99,13.62157
2023-12-13T11:40:00+00:00,41078.0,41091.13,41077.99,41091.13,7.80478
2023-12-13T11:41:00+00:00,41091.12,41093.0,41052.96,41063.87,46.62638
2023-12-13T11:42:00+00:00,41063.88,41085.7,41063.87,41085.7,13.29982
2023-12-13T11:43:00+00:00,41085.69,41087.63,41085.69,41087.63,3.59458
2023-12-13T11:44:00+00:00,41087.63,41087.63,41075.44,41078.02,11.47271
2023-12-13T11:45:00+00:00,41078.03,41095.53,41078.02,41093.28,13.41963
2023-12-13T11:46:00+00:00,41093.29,41124.92,41085.79,41122.0,29.04623
2023-12-13T11:47:00+00:00,41122.01,41122.01,41081.81,41082.94,29.77382
2023-12-13T11:48:00+00:00,41082.93,41082.94,41031.1,41046.78,57.22186
2023-12-13T11:49:00+00:00,41046.79,41057.94,41028.24,41038.68,35.63949
2023-12-13T11:50:00+00:00,41038.69,41050.44,41027.87,41050.43,26.57343
2023-12-13T11:51:00+00:00,41050.44,41058.31,41041.94,41049.62,16.33472
2023-12-13T11:52:00+00:00,41049.62,41057.47,41035.94,41043.69,17.71291
2023-12-13T11:53:00+00:00,41043.69,41068.54,41043.68,41068.53,15.98459
2023-12-13T11:54:00+00:00,41068.54,41080.03,41068.53,41080.02,12.78763
2023-12-13T11:55:00+00:00,41080.03,41080.03,41047.77,41059.59,32.43044
2023-12-13T11:56:00+00:00,41059.6,41059.6,41024.25,41024.25,16.82944
2023-12-13T11:57:00+00:00,41024.25,41024.26,40960.0,40976.0,117.59652
2023-12-13T11:58:00+00:00,40975.99,41003.19,40953.17,40992.24,41.63989
2023-12-13T11:59:00+00:00,40992.25,41020.0,40992.24,41004.69,15.972
2023-12-13T12:00:00+00:00,41004.69,41024.26,41001.1,41024.26,16.12607
2023-12-13T12:01:00+00:00,41024.25,41024.26,41002.69,41011.99,25.12381
2023-12-13T12:02:00+00:00,41011.99,41037.02,41011.99,41037.01,18.61336
2023-12-13T12:03:00+00:00,41037.02,41050.0,41036.33,41050.0,17.66622
2023-12-13T12:04:00+00:00,41050.0,41050.0,41015.09,41015.1,21.21158
2023-12-13T12:05:00+00:00,41015.09,41015.1,40984.0,41008.0,20.09447
2023-12-13T12:06:00+00:00,41008.01,41048.3,41008.0,41047.68,19.40869
2023-12-13T12:07:00+00:00,41047.69,41047.69,41012.0,41012.01,53.51438
2023-12-13T12:08:00+00:00,41012.01,41041.27,41012.0,41041.27,22.61564
2023-12-13T12:09:00+00:00,41041.27,41057.19,41041.26,41057.18,9.47073
2023-12-13T12:10:00+00:00,41057.18,41070.0,41057.18,41063.73,19.69588
2023-12-13T12:11:00+00:00,41063.74,41071.98,41061.1,41069.83,13.61852
2023-12-13T12:12:00+00:00,41069.83,41074.11,41069.82,41074.1,8.04032
2023-12-13T12:13:00+00:00,41074.1,41082.26,41074.1,41082.25,6.46664
2023-12-13T12:14:00+00:00,41082.26,41115.65,41082.25,41106.54,34.58181
2023-12-13T12:15:00+00:00,41106.55,41149.75,41106.54,41136.13,34.71061
2023-12-13T12:16:00+00:00,41136.12,41136.13,41115.33,41127.96,28.17481
2023-12-13T12:17:00+00:00,41127.97,41148.64,41126.01,41148.01,34.49654
2023-12-13T12:18:00+00:00,41148.0,41160.22,41147.13,41159.49,37.60426
2023-12-13T12:19:00+00:00,41159.48,41196.22,41159.48,41170.87,81.79802
2023-12-13T12:20:00+00:00,41170.88,41179.21,41154.0,41158.01,11.283
2023-12-13T12:21:00+00:00,41158.0,41163.99,41144.21,41150.89,17.68124
2023-12-13T12:22:00+00:00,41150.9,41203.97,41150.89,41203.97,44.08032
2023-12-13T12:23:00+00:00,41203.96,41242.97,41201.59,41231.96,212.47146
2023-12-13T12:24:00+00:00,41231.96,41263.97,41231.95,41260.01,49.51301
2023-12-13T12:25:00+00:00,41260.01,41260.01,41215.95,41219.44,84.47173
2023-12-13T12:26:00+00:00,41219.43,41232.29,41212.0,41223.54,16.56994
2023-12-13T12:27:00+00:00,41223.54,41238.01,41203.96,41222.06,35.77876
2023-12-13T12:28:00+00:00,41222.05,41238.01,41221.11,41229.01,69.86271
2023-12-13T12:29:00+00:00,41229.01,41232.68,41221.1,41228.97,14.88768
2023-12-13T12:30:00+00:00,41228.96,41228.97,41222.02,41228.24,7.73973
2023-12-13T12:31:00+00:00,41228.25,41260.0,41228.24,41232.63,17.75813
2023-12-13T12:32:00+00:00,41232.64,41232.64,41207.97,41209.19,14.23973
2023-12-13T12:33:00+00:00,41209.19,41230.01,41209.19,41225.31,19.46836
2023-12-13T12:34:00+00:00,41225.3,41235.0,41225.3,41234.19,10.3857
2023-12-13T12:35:00+00:00,41234.19,41234.19,41211.1,41220.25,10.82634
2023-12-13T12:36:00+00:00,41220.25,41220.25,41192.49,41192.49,9.52004
2023-12-13T12:37:00+00:00,41192.49,41192.5,41162.47,41167.81,20.05151
2023-12-13T12:38:00+00:00,41167.82,41175.57,41164.0,41170.21,17.6737
2023-12-13T12:39:00+00:00,41170.22,41170.22,41164.01,41167.76,12.36404
2023-12-13T12:40:00+00:00,41167.75,41167.76,41142.01,41151.44,12.89102
2023-12-13T12:41:00+00:00,41151.43,41183.72,41151.43,41178.4,13.63772
2023-12-13T12:42:00+00:00,41178.41,41186.0,41178.4,41185.99,4.79175
2023-12-13T12:43:00+00:00,41185.99,41218.0,41185.99,41217.99,13.30664
2023-12-13T12:44:00+00:00,41217.99,41222.19,41200.0,41200.0,12.33426
2023-12-13T12:45:00+00:00,41200.01,41202.9,41191.1,41191.11,11.37888
2023-12-13T12:46:00+00:00,41191.11,41191.15,41181.38,41181.52,15.33556
2023-12-13T12:47:00+00:00,41181.51,41181.52,41147.28,41155.0,19.96825
2023-12-13T12:48:00+00:00,41155.0,41164.65,41145.83,41164.64,12.12383
2023-12-13T12:49:00+00:00,41164.64,41164.65,41141.67,41141.67,10.86443
2023-12-13T12:50:00+00:00,41141.67,41169.9,41139.13,41169.89,24.88943
2023-12-13T12:51:00+00:00,41169.89,41193.59,41169.89,41185.17,10.48842
2023-12-13T12:52:00+00:00,41185.17,41185.17,41163.41,41163.41,5.91638
2023-12-13T12:53:00+00:00,41163.41,41163.42,41156.11,41156.79,5.03397
2023-12-13T12:54:00+00:00,41156.8,41185.16,41156.79,41185.15,25.53335
2023-12-13T12:55:00+00:00,41185.15,41200.0,41185.15,41200.0,15.40818
2023-12-13T12:56:00+00:00,41199.99,41234.29,41199.99,41228.94,26.42507
2023-12-13T12:57:00+00:00,41228.94,41228.95,41189.55,41199.54,36.91082
2023-12-13T12:58:00+00:00,41199.54,41208.44,41199.53,41201.99,9.61093
2023-12-13T12:59:00+00:00,41202.0,41209.27,41196.35,41209.27,6.98228
2023-12-13T13:00:00+00:00,41209.26,41228.94,41209.21,41209.21,19.6381
2023-12-13T13:01:00+00:00,41209.22,41226.19,41209.21,41219.69,18.79118
2023-12-13T13:02:00+00:00,41219.7,41219.7,41203.95,41208.95,23.69976
2023-12-13T13:03:00+00:00,41208.94,41208.95,41190.66,41190.66,15.48303
2023-12-13T13:04:00+00:00,41190.67,41206.78,41184.6,41206.77,35.57288
2023-12-13T13:05:00+00:00,41206.77,41237.8,41206.77,41226.11,32.08007
2023-12-13T13:06:00+00:00,41226.11,41226.15,41209.04,41211.11,41.48405
2023-12-13T13:07:00+00:00,41211.11,41219.98,41211.1,41218.49,10.8937
2023-12-13T13:08:00+00:00,41218.48,41289.47,41218.48,41283.0,80.09879
2023-12-13T13:09:00+00:00,41283.01,41330.43,41283.0,41314.59,72.30473
2023-12-13T13:10:00+00:00,41314.59,41350.74,41310.01,41330.71,52.35382
2023-12-13T13:11:00+00:00,41330.71,41352.14,41323.8,41347.1,69.8836
2023-12-13T13:12:00+00:00,41347.1,41347.11,41325.0,41337.92,30.07604
2023-12-13T13:13:00+00:00,41337.92,41350.25,41331.1,41331.1,42.49516
2023-12-13T13:14:00+00:00,41331.11,41339.61,41322.0,41333.68,32.94767
2023-12-13T13:15:00+00:00,41333.7,41369.11,41333.68,41369.1,30.66354
2023-12-13T13:16:00+00:00,41369.1,41370.0,41328.19,41347.37,37.50277
2023-12-13T13:17:00+00:00,41347.37,41347.37,41312.56,41321.19,28.80911
2023-12-13T13:18:00+00:00,41321.18,41321.19,41292.33,41292.34,25.34468
2023-12-13T13:19:00+00:00,41292.33,41292.34,41277.61,41288.65,16.77767
2023-12-13T13:20:00+00:00,41288.66,41313.5,41288.65,41307.54,15.21151
2023-12-13T13:21:00+00:00,41307.54,41330.0,41304.79,41330.0,9.13134
2023-12-13T13:22:00+00:00,41329.99,41356.0,41329.57,41356.0,27.11782
2023-12-13T13:23:00+00:00,41356.0,41356.0,41321.25,41336.01,33.16774
2023-12-13T13:24:00+00:00,41336.0,41341.25,41297.76,41311.09,20.84216
2023-12-13T13:25:00+00:00,41311.09,41330.0,41308.87,41329.99,14.35988
2023-12-13T13:26:00+00:00,41329.99,41338.0,41329.98,41335.2,10.88698
2023-12-13T13:27:00+00:00,41335.19,41337.24,41322.19,41337.24,10.95221
2023-12-13T13:28:00+00:00,41337.24,41363.28,41337.23,41360.64,24.45024
2023-12-13T13:29:00+00:00,41360.65,41381.5,41360.64,41371.1,36.08055
2023-12-13T13:30:00+00:00,41371.1,41438.71,41371.1,41420.01,56.994
2023-12-13T13:31:00+00:00,41420.01,41427.86,41394.25,41424.06,26.17197
2023-12-13T13:32:00+00:00,41424.07,41476.94,41419.37,41460.61,66.28004
2023-12-13T13:33:00+00:00,41460.62,41463.0,41430.57,41430.57,22.26415
2023-12-13T13:34:00+00:00,41430.57,41444.19,41381.1,41401.09,36.09214
2023-12-13T13:35:00+00:00,41401.09,41408.5,41380.09,41386.19,29.68908
2023-12-13T13:36:00+00:00,41386.18,41411.1,41372.8,41372.8,29.55093
2023-12-13T13:37:00+00:00,41372.81,41391.49,41365.04,41391.48,17.65443
2023-12-13T13:38:00+00:00,41391.48,41397.4,41368.82,41388.0,21.63569
2023-12-13T13:39:00+00:00,41387.99,41409.98,41378.34,41393.18,26.10845
2023-12-13T13:40:00+00:00,41393.17,41393.18,41377.94,41388.65,14.92291
2023-12-13T13:41:00+00:00,41388.64,41414.2,41388.64,41411.07,11.95728
2023-12-13T13:42:00+00:00,41411.07,41441.1,41411.06,41441.09,37.35487
2023-12-13T13:43:00+00:00,41441.1,41456.51,41441.09,41447.74,25.53199
2023-12-13T13:44:00+00:00,41447.73,41454.02,41441.1,41443.28,19.09397
2023-12-13T13:45:00+00:00,41443.28,41480.0,41443.28,41455.99,38.95744
2023-12-13T13:46:00+00:00,41456.0,41463.04,41431.1,41435.5,20.34694
2023-12-13T13:47:00+00:00,41435.5,41452.54,41422.01,41449.08,31.92864
2023-12-13T13:48:00+00:00,41449.08,41449.08,41401.46,41407.98,27.95804
2023-12-13T13:49:00+00:00,41407.99,41407.99,41371.24,41401.09,20.86712
2023-12-13T13:50:00+00:00,41401.09,41431.1,41401.09,41424.23,17.34098
2023-12-13T13:51:00+00:00,41424.23,41429.99,41402.34,41418.46,15.77596
2023-12-13T13:52:00+00:00,41418.46,41460.51,41418.46,41460.5,36.37761
2023-12-13T13:53:00+00:00,41460.51,41468.81,41460.5,41468.81,16.99127
2023-12-13T13:54:00+00:00,41468.8,41488.65,41468.8,41485.29,25.35217
2023-12-13T13:55:00+00:00,41485.3,41486.21,41462.0,41476.53,22.03206
2023-12-13T13:56:00+00:00,41476.53,41476.54,41454.63,41469.43,21.71828
2023-12-13T13:57:00+00:00,41469.43,41473.69,41461.41,41461.41,14.85191
2023-12-13T13:58:00+00:00,41461.42,41470.04,41461.41,41464.08,12.63015
2023-12-13T13:59:00+00:00,41464.09,41472.96,41464.08,41466.0,12.65402
2023-12-13T14:00:00+00:00,41466.01,41490.0,41461.93,41489.99,26.82712
2023-12-13T14:01:00+00:00,41489.99,41490.0,41466.87,41466.89,23.28713
2023-12-13T14:02:00+00:00,41466.88,41472.03,41431.68,41438.62,28.11727
2023-12-13T14:03:00+00:00,41438.63,41469.74,41416.37,41416.37,23.48347
2023-12-13T14:04:00+00:00,41416.37,41433.29,41381.1,41406.05,72.30443
2023-12-13T14:05:00+00:00,41406.05,41438.31,41401.06,41438.3,12.61705
2023-12-13T14:06:00+00:00,41438.31,41452.92,41432.0,41434.36,30.35504
2023-12-13T14:07:00+00:00,41434.36,41435.76,41423.2,41425.96,16.11735
2023-12-13T14:08:00+00:00,41425.96,41425.97,41389.66,41389.67,23.23808
2023-12-13T14:09:00+00:00,41389.67,41399.38,41350.0,41352.69,23.50684
2023-12-13T14:10:00+00:00,41352.68,41372.94,41334.86,41372.93,29.21384
2023-12-13T14:11:00+00:00,41372.93,41398.0,41372.93,41377.79,41.70342
2023-12-13T14:12:00+00:00,41377.8,41388.24,41377.79,41386.64,13.79694
2023-12-13T14:13:00+00:00,41386.65,41394.1,41346.76,41372.6,93.96733
2023-12-13T14:14:00+00:00,41372.6,41384.72,41372.6,41379.99,20.18231
2023-12-13T14:15:00+00:00,41380.0,41380.03,41349.85,41360.01,58.79956
2023-12-13T14:16:00+00:00,41360.0,41393.58,41360.0,41367.24,31.28606
2023-12-13T14:17:00+00:00,41367.24,41377.31,41361.1,41361.1,11.62088
2023-12-13T14:18:00+00:00,41361.11,41383.49,41361.1,41378.13,19.1931
2023-12-13T14:19:00+00:00,41378.13,41378.13,41354.27,41359.32,32.37496
2023-12-13T14:20:00+00:00,41359.31,41366.84,41338.01,41338.01,28.69411
2023-12-13T14:21:00+00:00,41338.02,41347.49,41333.87,41333.87,39.2337
2023-12-13T14:22:00+00:00,41333.88,41339.2,41312.5,41320.13,35.82165
2023-12-13T14:23:00+00:00,41320.13,41349.46,41305.95,41349.45,25.12502
2023-12-13T14:24:00+00:00,41349.45,41378.12,41349.45,41355.37,29.2319
2023-12-13T14:25:00+00:00,41355.37,41369.66,41341.96,41346.39,41.4439
2023-12-13T14:26:00+00:00,41346.4,41376.69,41346.39,41376.68,10.05985
2023-12-13T14:27:00+00:00,41376.69,41376.73,41341.94,41352.19,20.74115
2023-12-13T14:28:00+00:00,41352.19,41361.1,41352.19,41361.09,8.90306
2023-12-13T14:29:00+00:00,41361.1,41366.47,41361.09,41366.45,6.90463
2023-12-13T14:30:00+00:00,41366.45,41373.01,41366.45,41370.79,22.82193
2023-12-13T14:31:00+00:00,41370.79,41370.79,41344.0,41368.0,35.98141
2023-12-13T14:32:00+00:00,41368.0,41372.84,41362.0,41372.83,14.20771
2023-12-13T14:33:00+00:00,41372.84,41393.19,41372.83,41382.01,31.41072
2023-12-13T14:34:00+00:00,41382.01,41420.8,41382.0,41407.45,40.0653
2023-12-13T14:35:00+00:00,41407.44,41411.83,41381.94,41403.17,37.15814
2023-12-13T14:36:00+00:00,41403.18,41411.58,41387.3,41388.0,18.65652
2023-12-13T14:37:00+00:00,41388.01,41399.16,41365.26,41370.65,33.79805
2023-12-13T14:38:00+00:00,41370.64,41381.1,41337.81,41345.81,32.06582
2023-12-13T14:39:00+00:00,41345.81,41357.66,41345.81,41357.66,7.59016
2023-12-13T14:40:00+00:00,41357.66,41357.66,41345.53,41355.73,10.80954
2023-12-13T14:41:00+00:00,41355.73,41378.95,41355.73,41378.8,14.48135
2023-12-13T14:42:00+00:00,41378.81,41378.81,41363.11,41364.8,13.36558
2023-12-13T14:43:00+00:00,41364.81,41369.61,41345.53,41352.15,12.46102
2023-12-13T14:44:00+00:00,41352.14,41376.99,41352.14,41376.99,16.78614
2023-12-13T14:45:00+00:00,41376.98,41396.0,41376.98,41394.75,8.3015
2023-12-13T14:46:00+00:00,41394.76,41426.44,41394.75,41426.43,12.62402
2023-12-13T14:47:00+00:00,41426.43,41446.3,41426.43,41444.32,15.83647
2023-12-13T14:48:00+00:00,41444.33,41449.31,41439.3,41442.47,10.42057
2023-12-13T14:49:00+00:00,41442.47,41442.48,41418.0,41424.0,24.17804
2023-12-13T14:50:00+00:00,41423.99,41445.0,41422.94,41440.18,29.66561
2023-12-13T14:51:00+00:00,41440.19,41442.7,41425.44,41429.37,36.0212
2023-12-13T14:52:00+00:00,41429.37,41455.12,41429.37,41453.14,24.47145
2023-12-13T14:53:00+00:00,41453.15,41453.15,41442.14,41451.33,15.52411
2023-12-13T14:54:00+00:00,41451.33,41451.34,41414.82,41414.82,19.13958
2023-12-13T14:55:00+00:00,41414.82,41430.81,41404.45,41404.48,20.02086
2023-12-13T14:56:00+00:00,41404.48,41425.2,41404.48,41425.2,15.31658
2023-12-13T14:57:00+00:00,41425.19,41437.71,41425.19,41437.71,10.55364
2023-12-13T14:58:00+00:00,41437.7,41437.71,41431.99,41433.39,12.87637
2023-12-13T14:59:00+00:00,41433.39,41440.0,41432.0,41432.0,9.05724
2023-12-13T15:00:00+00:00,41432.0,41444.63,41430.19,41444.62,21.34592
2023-12-13T15:01:00+00:00,41444.62,41599.0,41444.62,41550.7,189.23489
2023-12-13T15:02:00+00:00,41550.71,41685.3,41526.0,41624.08,149.41048
2023-12-13T15:03:00+00:00,41624.07,41790.5,41617.94,41748.01,243.83039
2023-12-13T15:04:00+00:00,41748.02,41819.08,41732.16,41785.26,168.61359
2023-12-13T15:05:00+00:00,41785.27,41841.1,41750.0,41750.02,145.74054
2023-12-13T15:06:00+00:00,41750.02,41750.02,41674.44,41727.72,81.08221
2023-12-13T15:07:00+00:00,41727.71,41810.0,41727.71,41788.63,52.62186
2023-12-13T15:08:00+00:00,41788.64,41794.19,41745.19,41776.93,58.20417
2023-12-13T15:09:00+00:00,41776.93,41805.98,41757.3,41803.18,79.77156
2023-12-13T15:10:00+00:00,41803.18,41870.0,41803.18,41861.56,73.34648
2023-12-13T15:11:00+00:00,41861.57,41874.98,41831.1,41852.91,61.10602
2023-12-13T15:12:00+00:00,41852.91,41880.0,41831.94,41831.95,83.37364
2023-12-13T15:13:00+00:00,41831.94,41840.0,41797.44,41839.99,55.52151
2023-12-13T15:14:00+00:00,41839.99,41840.0,41790.5,41807.09,41.47508
2023-12-13T15:15:00+00:00,41807.09,41876.19,41803.91,41861.99,77.90608
2023-12-13T15:16:00+00:00,41861.99,41898.52,41857.64,41885.44,104.5069
2023-12-13T15:17:00+00:00,41885.69,41891.1,41857.65,41879.35,42.57825
2023-12-13T15:18:00+00:00,41879.34,41911.1,41864.94,41896.0,97.70707
2023-12-13T15:19:00+00:00,41896.0,41900.0,41847.44,41850.01,45.23828
2023-12-13T15:20:00+00:00,41850.0,41860.69,41824.69,41848.28,45.55983
2023-12-13T15:21:00+00:00,41848.27,41859.19,41804.0,41807.67,28.60783
2023-12-13T15:22:00+00:00,41807.67,41848.19,41807.66,41848.19,31.67849
2023-12-13T15:23:00+00:00,41848.18,41873.96,41836.0,41873.21,37.00283
2023-12-13T15:24:00+00:00,41873.21,41895.1,41850.01,41850.02,42.09886
2023-12-13T15:25:00+00:00,41850.02,41860.0,41824.0,41824.01,25.78022
2023-12-13T15:26:00+00:00,41824.01,41828.92,41800.0,41800.0,50.62147
2023-12-13T15:27:00+00:00,41800.0,41810.0,41760.0,41762.0,61.67199
2023-12-13T15:28:00+00:00,41761.99,41784.8,41748.31,41779.48,43.49783
2023-12-13T15:29:00+00:00,41779.47,41779.48,41757.12,41762.01,44.18524
2023-12-13T15:30:00+00:00,41762.01,41779.47,41736.65,41779.47,51.54234
2023-12-13T15:31:00+00:00,41779.46,41780.94,41756.59,41773.78,41.28996
2023-12-13T15:32:00+00:00,41773.78,41822.78,41771.94,41822.78,95.57085
2023-12-13T15:33:00+00:00,41822.77,41851.1,41822.77,41851.09,50.3171
2023-12-13T15:34:00+00:00,41851.1,41851.1,41800.66,41831.1,55.287
2023-12-13T15:35:00+00:00,41831.09,41848.0,41818.21,41846.0,44.21254
2023-12-13T15:36:00+00:00,41846.0,41885.99,41846.0,41885.98,34.89607
2023-12-13T15:37:00+00:00,41885.98,41930.6,41882.02,41906.18,76.01068
2023-12-13T15:38:00+00:00,41906.18,41910.46,41884.01,41906.57,31.00687
2023-12-13T15:39:00+00:00,41906.58,41946.08,41900.95,41914.4,84.83865
2023-12-13T15:40:00+00:00,41914.4,41919.35,41880.15,41880.23,51.71152
2023-12-13T15:41:00+00:00,41880.23,41891.1,41868.8,41891.1,47.45114
2023-12-13T15:42:00+00:00,41891.1,41897.21,41857.93,41890.71,39.67899
2023-12-13T15:43:00+00:00,41890.7,41916.0,41890.66,41915.4,39.95558
2023-12-13T15:44:00+00:00,41915.4,41919.78,41885.43,41900.0,28.25972
2023-12-13T15:45:00+00:00,41899.99,41941.23,41899.99,41925.27,43.86672
2023-12-13T15:46:00+00:00,41925.27,41926.07,41872.0,41902.57,45.24754
2023-12-13T15:47:00+00:00,41902.57,41910.48,41886.2,41893.15,27.61386
2023-12-13T15:48:00+00:00,41893.16,41897.34,41850.27,41863.69,32.22449
2023-12-13T15:49:00+00:00,41863.69,41887.59,41853.83,41886.65,44.28582
2023-12-13T15:50:00+00:00,41886.65,41914.46,41883.9,41904.3,35.33759
2023-12-13T15:51:00+00:00,41904.29,41906.13,41878.19,41886.93,47.02623
2023-12-13T15:52:00+00:00,41886.93,41894.55,41872.18,41894.55,45.11137
2023-12-13T15:53:00+00:00,41894.54,41913.33,41893.99,41911.87,61.91815
2023-12-13T15:54:00+00:00,41911.86,41913.11,41885.51,41900.0,50.37149
2023-12-13T15:55:00+00:00,41900.0,41904.09,41885.51,41897.99,33.58662
2023-12-13T15:56:00+00:00,41898.0,41930.0,41897.99,41918.0,50.31299
2023-12-13T15:57:00+00:00,41918.01,41955.22,41918.0,41924.39,83.40501
2023-12-13T15:58:00+00:00,41924.4,41929.99,41922.16,41922.17,15.05823
2023-12-13T15:59:00+00:00,41922.17,41939.18,41922.16,41939.18,25.64636
2023-12-13T16:00:00+00:00,41939.17,41980.0,41934.0,41980.0,77.15484
2023-12-13T16:01:00+00:00,41980.0,41980.19,41947.31,41948.09,80.08553
2023-12-13T16:02:00+00:00,41948.1,41954.19,41943.05,41943.06,27.66426
2023-12-13T16:03:00+00:00,41943.06,41943.06,41903.72,41908.0,41.41076
2023-12-13T16:04:00+00:00,41908.0,41924.19,41900.0,41910.92,38.05827
2023-12-13T16:05:00+00:00,41910.91,41951.1,41910.91,41951.06,34.94637
2023-12-13T16:06:00+00:00,41951.06,41973.39,41947.17,41961.7,34.74031
2023-12-13T16:07:00+00:00,41961.69,42000.0,41959.59,41999.99,61.47584
2023-12-13T16:08:00+00:00,42000.0,42064.0,41999.99,42064.0,128.8875
2023-12-13T16:09:00+00:00,42063.99,42189.85,42055.0,42189.84,206.22128
2023-12-13T16:10:00+00:00,42189.84,42215.63,42156.0,42180.48,178.68042
2023-12-13T16:11:00+00:00,42180.48,42192.0,42111.01,42184.11,117.04686
2023-12-13T16:12:00+00:00,42184.1,42198.0,42166.57,42191.99,53.11694
2023-12-13T16:13:00+00:00,42192.0,42192.0,42157.6,42168.56,64.7472
2023-12-13T16:14:00+00:00,42168.56,42196.0,42168.56,42168.57,38.58686
2023-12-13T16:15:00+00:00,42168.57,42181.09,42136.52,42140.01,55.45772
2023-12-13T16:16:00+00:00,42140.01,42140.01,42051.1,42055.85,58.66321
2023-12-13T16:17:00+00:00,42055.86,42113.88,42047.47,42081.09,65.88784
2023-12-13T16:18:00+00:00,42081.1,42098.0,42061.1,42097.99,45.13904
2023-12-13T16:19:00+00:00,42098.0,42098.0,42067.42,42072.5,34.87031
2023-12-13T16:20:00+00:00,42072.51,42104.84,42072.12,42097.32,34.92507
2023-12-13T16:21:00+00:00,42097.32,42120.0,42097.32,42120.0,40.51685
2023-12-13T16:22:00+00:00,42120.0,42142.87,42119.35,42142.87,40.1027
2023-12-13T16:23:00+00:00,42142.86,42145.97,42126.0,42133.2,34.92102
2023-12-13T16:24:00+00:00,42133.2,42146.0,42094.46,42094.47,35.05465
2023-12-13T16:25:00+00:00,42094.46,42096.48,42068.01,42070.01,52.03086
2023-12-13T16:26:00+00:00,42070.01,42070.01,42022.0,42039.19,42.28389
2023-12-13T16:27:00+00:00,42039.19,42051.99,42021.1,42035.66,31.40942
2023-12-13T16:28:00+00:00,42035.66,42050.0,42023.34,42044.19,20.11264
2023-12-13T16:29:00+00:00,42044.2,42048.0,42042.68,42042.69,10.3429
2023-12-13T16:30:00+00:00,42042.7,42043.23,42018.0,42034.0,38.50683
2023-12-13T16:31:00+00:00,42034.0,42048.0,42033.37,42035.97,25.06973
2023-12-13T16:32:00+00:00,42035.97,42035.97,42011.97,42011.98,17.41827
2023-12-13T16:33:00+00:00,42011.98,42011.98,41923.31,41948.79,94.75064
2023-12-13T16:34:00+00:00,41948.79,41951.99,41902.28,41920.45,52.37782
2023-12-13T16:35:00+00:00,41920.46,41924.0,41883.48,41886.0,68.09208
2023-12-13T16:36:00+00:00,41885.99,41914.0,41865.57,41892.01,47.91346
2023-12-13T16:37:00+00:00,41892.0,41914.0,41881.37,41882.96,29.04558
2023-12-13T16:38:00+00:00,41882.96,41907.2,41881.37,41906.42,22.50891
2023-12-13T16:39:00+00:00,41906.43,41910.0,41887.21,41887.93,28.93338
2023-12-13T16:40:00+00:00,41887.92,41889.44,41809.23,41816.96,92.46361
2023-12-13T16:41:00+00:00,41816.96,41844.32,41798.7,41817.93,77.7244
2023-12-13T16:42:00+00:00,41817.93,41836.0,41792.35,41817.92,47.83303
2023-12-13T16:43:00+00:00,41817.92,41838.93,41798.44,41798.44,39.05325
2023-12-13T16:44:00+00:00,41798.45,41800.0,41715.7,41752.08,139.91496
2023-12-13T16:45:00+00:00,41752.08,41814.94,41752.07,41812.72,54.07351
2023-12-13T16:46:00+00:00,41812.73,41838.26,41812.72,41826.09,27.05666
2023-12-13T16:47:00+00:00,41826.08,41883.18,41826.08,41882.96,52.35105
2023-12-13T16:48:00+00:00,41882.95,41899.46,41855.91,41897.98,44.65809
2023-12-13T16:49:00+00:00,41897.99,41912.76,41856.33,41871.91,45.71357
2023-12-13T16:50:00+00:00,41871.91,41882.0,41837.85,41882.0,28.30877
2023-12-13T16:51:00+00:00,41881.99,41888.0,41866.3,41881.1,27.66967
2023-12-13T16:52:00+00:00,41881.1,41881.1,41841.76,41868.0,28.32708
2023-12-13T16:53:00+00:00,41868.0,41881.1,41856.7,41873.44,27.94078
2023-12-13T16:54:00+00:00,41873.44,41894.69,41872.4,41876.97,20.41225
2023-12-13T16:55:00+00:00,41876.98,41893.99,41860.0,41884.1,23.96642
2023-12-13T16:56:00+00:00,41884.11,41895.82,41862.07,41880.32,20.48472
2023-12-13T16:57:00+00:00,41880.31,41888.0,41866.0,41866.0,13.68318
2023-12-13T16:58:00+00:00,41866.0,41882.0,41856.7,41867.99,16.93061
2023-12-13T16:59:00+00:00,41867.99,41881.1,41867.99,41870.02,15.12748
2023-12-13T17:00:00+00:00,41870.02,41897.29,41870.01,41897.29,28.96024
2023-12-13T17:01:00+00:00,41897.29,41916.83,41897.28,41909.55,22.93225
2023-12-13T17:02:00+00:00,41909.54,41918.77,41878.32,41878.32,23.19654
2023-12-13T17:03:00+00:00,41878.32,41878.33,41814.16,41842.0,23.81517
2023-12-13T17:04:00+00:00,41842.0,41866.19,41822.17,41866.19,17.79628
2023-12-13T17:05:00+00:00,41866.19,41869.7,41843.13,41843.14,14.27769
2023-12-13T17:06:00+00:00,41843.14,41863.93,41834.77,41863.93,16.68047
2023-12-13T17:07:00+00:00,41863.93,41896.0,41863.92,41886.07,8.88571
2023-12-13T17:08:00+00:00,41886.08,41889.97,41871.68,41871.68,10.97031
2023-12-13T17:09:00+00:00,41871.68,41880.0,41848.79,41848.8,34.77668
2023-12-13T17:10:00+00:00,41848.79,41870.0,41842.73,41869.99,17.26321
2023-12-13T17:11:00+00:00,41870.0,41893.63,41869.99,41893.62,12.60981
2023-12-13T17:12:00+00:00,41893.62,41908.68,41886.08,41908.67,14.49597
2023-12-13T17:13:00+00:00,41908.68,41922.99,41908.67,41915.95,11.16654
2023-12-13T17:14:00+00:00,41915.94,41938.34,41914.96,41938.34,25.43645
2023-12-13T17:15:00+00:00,41938.33,41954.16,41936.11,41938.22,23.0232
2023-12-13T17:16:00+00:00,41938.21,41939.97,41926.7,41939.96,16.03392
2023-12-13T17:17:00+00:00,41939.97,41939.97,41910.74,41915.65,24.23939
2023-12-13T17:18:00+00:00,41915.65,41939.79,41915.64,41930.13,10.90768
2023-12-13T17:19:00+00:00,41930.13,41952.59,41925.78,41948.0,34.55789
2023-12-13T17:20:00+00:00,41947.99,42022.9,41924.2,42004.0,118.94656
2023-12-13T17:21:00+00:00,42004.0,42100.0,41994.38,42074.19,116.48187
2023-12-13T17:22:00+00:00,42074.19,42124.18,42074.18,42116.29,44.919
2023-12-13T17:23:00+00:00,42116.29,42116.3,42078.0,42078.01,38.64131
2023-12-13T17:24:00+00:00,42078.0,42100.64,42078.0,42093.95,22.77335
2023-12-13T17:25:00+00:00,42093.94,42094.36,42066.26,42094.35,31.28844
2023-12-13T17:26:00+00:00,42094.36,42130.72,42094.35,42130.72,22.12891
2023-12-13T17:27:00+00:00,42130.71,42130.72,42095.46,42101.11,36.04081
2023-12-13T17:28:00+00:00,42101.11,42104.44,42080.0,42080.01,34.01395
2023-12-13T17:29:00+00:00,42080.0,42080.01,42066.1,42068.96,14.48917
2023-12-13T17:30:00+00:00,42068.96,42068.96,42036.0,42053.66,24.01542
2023-12-13T17:31:00+00:00,42053.65,42058.63,42042.38,42050.58,18.58142
2023-12-13T17:32:00+00:00,42050.58,42053.52,42041.66,42041.66,7.41159
2023-12-13T17:33:00+00:00,42041.67,42059.0,42020.0,42023.84,26.22231
2023-12-13T17:34:00+00:00,42023.84,42039.36,42023.84,42035.97,16.79599
2023-12-13T17:35:00+00:00,42035.96,42035.97,41943.89,41955.68,55.66402
2023-12-13T17:36:00+00:00,41955.68,41979.81,41935.3,41979.8,50.54227
2023-12-13T17:37:00+00:00,41979.8,41999.99,41973.06,41996.85,40.02318
2023-12-13T17:38:00+00:00,41996.85,41996.86,41994.74,41996.61,9.88431
2023-12-13T17:39:00+00:00,41996.61,41996.62,41989.66,41992.13,37.42258
2023-12-13T17:40:00+00:00,41992.12,42025.0,41989.62,42023.57,22.96338
2023-12-13T17:41:00+00:00,42023.57,42033.41,42022.9,42026.53,52.93336
2023-12-13T17:42:00+00:00,42026.54,42049.7,42026.53,42045.44,17.21515
2023-12-13T17:43:00+00:00,42045.45,42049.06,42041.29,42045.99,20.45351
2023-12-13T17:44:00+00:00,42045.99,42048.37,42039.99,42046.81,64.24088
2023-12-13T17:45:00+00:00,42046.82,42100.0,42043.04,42090.93,86.04612
2023-12-13T17:46:00+00:00,42090.94,42092.42,42059.95,42059.95,26.9338
2023-12-13T17:47:00+00:00,42059.95,42074.69,42047.85,42068.55,23.11838
2023-12-13T17:48:00+00:00,42068.54,42085.31,42062.62,42085.3,13.51907
2023-12-13T17:49:00+00:00,42085.31,42101.1,42085.26,42101.09,70.28087
2023-12-13T17:50:00+00:00,42101.1,42105.77,42089.35,42103.99,39.70022
2023-12-13T17:51:00+00:00,42104.0,42104.0,42057.26,42057.27,46.98578
2023-12-13T17:52:00+00:00,42057.27,42057.27,42037.29,42040.88,15.85444
2023-12-13T17:53:00+00:00,42040.89,42128.0,42037.29,42122.57,35.19741
2023-12-13T17:54:00+00:00,42122.58,42122.58,42115.94,42116.01,23.14464
2023-12-13T17:55:00+00:00,42116.0,42130.19,42100.0,42106.0,79.55163
2023-12-13T17:56:00+00:00,42105.99,42106.0,42091.65,42098.08,22.36403
2023-12-13T17:57:00+00:00,42098.08,42111.48,42078.78,42111.48,35.07519
2023-12-13T17:58:00+00:00,42111.48,42118.61,42106.91,42108.0,27.49413
2023-12-13T17:59:00+00:00,42107.99,42118.6,42107.99,42118.6,20.57314
2023-12-13T18:00:00+00:00,42118.6,42136.0,42114.44,42131.43,29.58797
2023-12-13T18:01:00+00:00,42131.44,42158.0,42131.43,42136.74,50.20686
2023-12-13T18:02:00+00:00,42136.74,42136.74,42108.16,42108.16,84.5075
2023-12-13T18:03:00+00:00,42108.17,42126.91,42103.04,42126.91,24.5518
2023-12-13T18:04:00+00:00,42126.91,42141.23,42122.26,42141.23,28.37248
2023-12-13T18:05:00+00:00,42141.23,42149.7,42126.25,42126.26,26.17645
2023-12-13T18:06:00+00:00,42126.25,42132.0,42126.25,42127.01,11.15219
2023-12-13T18:07:00+00:00,42127.0,42127.01,42114.45,42114.46,23.237
2023-12-13T18:08:00+00:00,42114.46,42121.42,42091.65,42095.57,84.12018
2023-12-13T18:09:00+00:00,42095.57,42097.28,42047.27,42067.32,85.88724
2023-12-13T18:10:00+00:00,42067.33,42071.1,42045.82,42070.12,25.40803
2023-12-13T18:11:00+00:00,42070.11,42120.44,42070.11,42120.43,15.60912
2023-12-13T18:12:00+00:00,42120.43,42136.59,42120.43,42136.58,14.43794
2023-12-13T18:13:00+00:00,42136.58,42158.0,42136.58,42158.0,13.62345
2023-12-13T18:14:00+00:00,42158.0,42174.51,42157.99,42172.42,17.45466
2023-12-13T18:15:00+00:00,42172.42,42196.0,42171.61,42178.79,65.37556
2023-12-13T18:16:00+00:00,42178.78,42189.29,42174.81,42186.37,30.95472
2023-12-13T18:17:00+00:00,42186.38,42186.38,42128.01,42128.01,45.27189
2023-12-13T18:18:00+00:00,42128.02,42169.51,42128.01,42169.51,19.69814
2023-12-13T18:19:00+00:00,42169.51,42169.51,42140.54,42149.99,26.09482
2023-12-13T18:20:00+00:00,42149.99,42172.11,42149.85,42152.11,28.6769
2023-12-13T18:21:00+00:00,42152.12,42152.12,42111.44,42120.84,25.44994
2023-12-13T18:22:00+00:00,42120.85,42120.85,42091.1,42096.97,26.39124
2023-12-13T18:23:00+00:00,42096.97,42096.98,42080.0,42082.88,22.87922
2023-12-13T18:24:00+00:00,42082.87,42095.69,42049.56,42060.01,45.43475
2023-12-13T18:25:00+00:00,42060.01,42074.21,42060.0,42065.12,15.72899
2023-12-13T18:26:00+00:00,42065.11,42076.16,42065.11,42076.16,9.80848
2023-12-13T18:27:00+00:00,42076.15,42082.46,42062.0,42062.71,20.04657
2023-12-13T18:28:00+00:00,42062.7,42079.95,42062.7,42065.94,18.00112
2023-12-13T18:29:00+00:00,42065.94,42065.95,42013.42,42027.46,46.44653
2023-12-13T18:30:00+00:00,42027.46,42027.46,41988.2,41995.99,37.93891
2023-12-13T18:31:00+00:00,41995.99,42008.09,41990.72,42008.09,26.94146
2023-12-13T18:32:00+00:00,42008.09,42026.0,42002.17,42002.42,21.88555
2023-12-13T18:33:00+00:00,42002.17,42025.85,42000.0,42017.9,16.2304
2023-12-13T18:34:00+00:00,42017.89,42062.69,42017.89,42062.69,18.59459
2023-12-13T18:35:00+00:00,42062.68,42070.44,42051.1,42051.1,16.37009
2023-12-13T18:36:00+00:00,42051.11,42098.0,42051.1,42094.18,41.73108
2023-12-13T18:37:00+00:00,42094.19,42099.99,42090.0,42090.01,24.15734
2023-12-13T18:38:00+00:00,42090.01,42090.01,42068.77,42074.0,35.44837
2023-12-13T18:39:00+00:00,42073.99,42083.99,42061.1,42083.99,7.61452
2023-12-13T18:40:00+00:00,42083.99,42100.0,42083.98,42093.76,13.22519
2023-12-13T18:41:00+00:00,42093.76,42108.54,42087.67,42090.0,56.93096
2023-12-13T18:42:00+00:00,42089.99,42093.8,42086.18,42092.51,9.07858
2023-12-13T18:43:00+00:00,42092.5,42092.51,42067.61,42072.64,11.87628
2023-12-13T18:44:00+00:00,42072.63,42092.41,42072.63,42092.4,10.53688
2023-12-13T18:45:00+00:00,42092.4,42106.46,42091.1,42091.1,14.18547
2023-12-13T18:46:00+00:00,42091.1,42107.99,42078.19,42104.95,15.07145
2023-12-13T18:47:00+00:00,42104.96,42124.0,42104.95,42123.99,12.82936
2023-12-13T18:48:00+00:00,42123.99,42124.0,42123.99,42124.0,8.96859
2023-12-13T18:49:00+00:00,42123.99,42126.7,42103.4,42106.18,15.00497
2023-12-13T18:50:00+00:00,42106.18,42106.19,42088.75,42088.76,13.62832
2023-12-13T18:51:00+00:00,42088.76,42093.69,42075.3,42075.3,12.16649
2023-12-13T18:52:00+00:00,42075.3,42095.67,42075.3,42095.67,11.21565
2023-12-13T18:53:00+00:00,42095.67,42095.67,42094.28,42094.28,6.00913
2023-12-13T18:54:00+00:00,42094.29,42111.1,42094.28,42111.09,22.32408
2023-12-13T18:55:00+00:00,42111.09,42118.37,42106.72,42114.2,16.54008
2023-12-13T18:56:00+00:00,42114.2,42114.43,42103.08,42113.68,6.96228
2023-12-13T18:57:00+00:00,42113.69,42113.69,42110.76,42112.16,13.46346
2023-12-13T18:58:00+00:00,42112.15,42113.19,42112.11,42113.18,13.63546
2023-12-13T18:59:00+00:00,42113.19,42140.0,42091.1,42127.44,39.97248
2023-12-13T19:00:00+00:00,42127.45,42286.39,42127.44,42278.19,197.05237
2023-12-13T19:01:00+00:00,42278.2,42344.07,42243.36,42264.05,141.31801
2023-12-13T19:02:00+00:00,42264.04,42360.0,42262.48,42341.1,94.75877
2023-12-13T19:03:00+00:00,42341.09,42395.4,42316.64,42382.75,103.98974
2023-12-13T19:04:00+00:00,42382.75,42382.76,42330.02,42367.95,69.58615
2023-12-13T19:05:00+00:00,42367.95,42426.0,42338.0,42393.08,122.23637
2023-12-13T19:06:00+00:00,42393.08,42404.0,42313.89,42330.06,62.81623
2023-12-13T19:07:00+00:00,42330.05,42394.18,42320.0,42351.02,54.60059
2023-12-13T19:08:00+00:00,42351.01,42395.73,42347.13,42395.73,45.14632
2023-12-13T19:09:00+00:00,42395.73,42400.01,42372.0,42374.84,41.32301
2023-12-13T19:10:00+00:00,42374.84,42470.11,42374.84,42454.73,101.36127
2023-12-13T19:11:00+00:00,42454.72,42468.66,42416.77,42443.03,61.44182
2023-12-13T19:12:00+00:00,42443.03,42461.12,42440.1,42460.5,51.59148
2023-12-13T19:13:00+00:00,42460.5,42471.1,42440.1,42464.0,58.74581
2023-12-13T19:14:00+00:00,42464.01,42464.01,42380.3,42380.32,79.11682
2023-12-13T19:15:00+00:00,42380.31,42436.0,42375.43,42375.43,68.92752
2023-12-13T19:16:00+00:00,42375.43,42394.31,42317.5,42320.38,90.00914
2023-12-13T19:17:00+00:00,42320.38,42341.1,42288.8,42311.1,52.92256
2023-12-13T19:18:00+00:00,42311.1,42311.1,42260.0,42267.99,58.60186
2023-12-13T19:19:00+00:00,42267.99,42330.0,42253.56,42330.0,48.74563
2023-12-13T19:20:00+00:00,42330.0,42407.13,42329.99,42405.0,72.73203
2023-12-13T19:21:00+00:00,42405.0,42405.01,42345.59,42345.6,58.38748
2023-12-13T19:22:00+00:00,42345.6,42391.21,42338.0,42376.68,41.80127
2023-12-13T19:23:00+00:00,42376.69,42390.0,42355.65,42373.9,32.71323
2023-12-13T19:24:00+00:00,42373.89,42389.56,42362.0,42382.44,36.84953
2023-12-13T19:25:00+00:00,42382.44,42382.44,42311.1,42335.25,47.20531
2023-12-13T19:26:00+00:00,42335.25,42380.12,42335.24,42340.01,53.16095
2023-12-13T19:27:00+00:00,42340.01,42377.99,42307.96,42377.98,40.56602
2023-12-13T19:28:00+00:00,42377.99,42392.0,42371.17,42389.2,45.98149
2023-12-13T19:29:00+00:00,42389.2,42392.0,42383.35,42389.22,24.50437
2023-12-13T19:30:00+00:00,42389.22,42437.05,42386.26,42428.49,56.00724
2023-12-13T19:31:00+00:00,42428.49,42430.52,42376.95,42381.11,53.91069
2023-12-13T19:32:00+00:00,42381.11,42381.11,42321.1,42340.09,54.34618
2023-12-13T19:33:00+00:00,42340.09,42387.68,42328.94,42380.04,30.00594
2023-12-13T19:34:00+00:00,42380.05,42461.88,42380.04,42461.88,39.29295
2023-12-13T19:35:00+00:00,42461.88,42518.66,42432.84,42503.17,139.60193
2023-12-13T19:36:00+00:00,42503.17,42735.0,42471.0,42706.01,244.5918
2023-12-13T19:37:00+00:00,42706.01,42786.0,42659.57,42765.99,188.65811
2023-12-13T19:38:00+00:00,42765.99,42817.32,42727.27,42788.95,155.98424
2023-12-13T19:39:00+00:00,42788.94,42844.0,42775.04,42778.17,118.0953
2023-12-13T19:40:00+00:00,42778.18,42886.0,42778.17,42861.47,141.48001
2023-12-13T19:41:00+00:00,42861.47,42874.96,42768.33,42804.13,76.68873
2023-12-13T19:42:00+00:00,42804.13,42858.3,42786.15,42804.0,108.32244
2023-12-13T19:43:00+00:00,42804.0,42804.01,42748.46,42782.72,102.65553
2023-12-13T19:44:00+00:00,42782.72,42782.73,42685.23,42735.59,100.76776
2023-12-13T19:45:00+00:00,42735.6,42841.1,42732.97,42824.01,129.70016
2023-12-13T19:46:00+00:00,42824.01,42825.27,42752.0,42794.07,54.30404
2023-12-13T19:47:00+00:00,42794.07,42822.2,42776.21,42790.33,49.51718
2023-12-13T19:48:00+00:00,42790.33,42790.34,42743.85,42745.77,51.11478
2023-12-13T19:49:00+00:00,42745.76,42747.54,42677.75,42683.83,63.47282
2023-12-13T19:50:00+00:00,42683.83,42729.94,42676.17,42697.94,37.20844
2023-12-13T19:51:00+00:00,42697.94,42777.37,42687.2,42777.36,39.68988
2023-12-13T19:52:00+00:00,42777.36,42795.68,42745.04,42753.92,52.12255
2023-12-13T19:53:00+00:00,42753.92,42795.6,42753.91,42795.6,48.74766
2023-12-13T19:54:00+00:00,42795.6,42795.61,42760.01,42770.94,49.57152
2023-12-13T19:55:00+00:00,42770.93,42784.0,42744.86,42771.99,37.4025
2023-12-13T19:56:00+00:00,42772.0,42791.53,42763.79,42777.27,37.82324
2023-12-13T19:57:00+00:00,42777.27,42777.27,42727.02,42727.03,41.71974
2023-12-13T19:58:00+00:00,42727.03,42729.17,42685.07,42690.0,35.95048
2023-12-13T19:59:00+00:00,42690.0,42734.13,42689.99,42734.01,30.38519
2023-12-13T20:00:00+00:00,42734.01,42769.44,42706.76,42750.84,43.58462
2023-12-13T20:01:00+00:00,42750.84,42780.0,42750.83,42779.12,29.19984
2023-12-13T20:02:00+00:00,42779.12,42786.43,42725.38,42725.39,44.10309
2023-12-13T20:03:00+00:00,42725.39,42725.39,42690.39,42696.0,29.93209
2023-12-13T20:04:00+00:00,42696.01,42747.68,42689.8,42744.63,58.11193
2023-12-13T20:05:00+00:00,42744.64,42816.0,42744.63,42815.99,87.56467
2023-12-13T20:06:00+00:00,42816.0,42837.41,42791.53,42837.41,84.50738
2023-12-13T20:07:00+00:00,42837.41,42859.11,42752.73,42760.88,102.78682
2023-12-13T20:08:00+00:00,42760.88,42817.32,42760.87,42817.31,45.85705
2023-12-13T20:09:00+00:00,42817.32,42830.0,42778.63,42807.69,55.85115
2023-12-13T20:10:00+00:00,42807.69,42807.7,42771.1,42771.1,50.74471
2023-12-13T20:11:00+00:00,42771.1,42781.1,42768.93,42778.11,38.10166
2023-12-13T20:12:00+00:00,42778.12,42778.12,42711.1,42711.1,36.63513
2023-12-13T20:13:00+00:00,42711.11,42731.1,42633.05,42663.19,86.42113
2023-12-13T20:14:00+00:00,42663.18,42666.56,42571.57,42600.0,166.7774
2023-12-13T20:15:00+00:00,42599.99,42652.84,42592.46,42631.43,129.46695
2023-12-13T20:16:00+00:00,42631.44,42691.1,42631.43,42665.29,59.17706
2023-12-13T20:17:00+00:00,42665.29,42700.0,42656.0,42660.24,34.95426
2023-12-13T20:18:00+00:00,42660.23,42692.0,42660.23,42688.16,38.38226
2023-12-13T20:19:00+00:00,42688.16,42699.99,42653.19,42653.19,52.42586
2023-12-13T20:20:00+00:00,42653.2,42673.32,42641.69,42655.56,21.17463
2023-12-13T20:21:00+00:00,42655.55,42753.3,42655.55,42753.29,69.28417
2023-12-13T20:22:00+00:00,42753.29,42755.53,42729.69,42729.69,86.09682
2023-12-13T20:23:00+00:00,42729.7,42730.0,42690.39,42697.45,42.24123
2023-12-13T20:24:00+00:00,42697.45,42700.0,42683.62,42697.83,29.90105
2023-12-13T20:25:00+00:00,42697.83,42697.84,42651.1,42657.89,24.29347
2023-12-13T20:26:00+00:00,42657.9,42664.16,42621.1,42633.99,29.66901
2023-12-13T20:27:00+00:00,42634.0,42640.0,42618.0,42627.2,33.40267
2023-12-13T20:28:00+00:00,42627.2,42641.92,42615.47,42641.91,34.92554
2023-12-13T20:29:00+00:00,42641.91,42669.69,42641.91,42654.78,38.31684
2023-12-13T20:30:00+00:00,42654.79,42654.79,42633.99,42645.48,40.26537
2023-12-13T20:31:00+00:00,42645.47,42645.95,42621.1,42645.95,20.75496
2023-12-13T20:32:00+00:00,42645.95,42691.1,42644.0,42687.87,23.81585
2023-12-13T20:33:00+00:00,42687.87,42708.0,42680.48,42680.48,24.25611
2023-12-13T20:34:00+00:00,42680.49,42710.75,42680.48,42703.52,17.516
2023-12-13T20:35:00+00:00,42703.51,42737.99,42703.51,42737.98,15.01033
2023-12-13T20:36:00+00:00,42737.99,42769.29,42721.28,42763.99,57.14907
2023-12-13T20:37:00+00:00,42763.99,42764.0,42739.52,42744.01,34.81594
2023-12-13T20:38:00+00:00,42744.0,42754.6,42732.0,42732.01,22.91113
2023-12-13T20:39:00+00:00,42732.01,42754.39,42732.0,42754.39,14.70184
2023-12-13T20:40:00+00:00,42754.39,42781.1,42754.38,42769.89,23.61474
2023-12-13T20:41:00+00:00,42769.9,42781.24,42745.01,42781.24,26.66646
2023-12-13T20:42:00+00:00,42781.24,42788.0,42774.0,42783.19,24.85508
2023-12-13T20:43:00+00:00,42783.19,42807.2,42783.0,42806.54,43.482
2023-12-13T20:44:00+00:00,42806.53,42806.54,42783.01,42802.39,48.58246
2023-12-13T20:45:00+00:00,42802.4,42805.99,42764.07,42787.87,61.92935
2023-12-13T20:46:00+00:00,42787.88,42797.94,42766.0,42797.7,19.53399
2023-12-13T20:47:00+00:00,42797.69,42802.94,42763.47,42771.25,24.78423
2023-12-13T20:48:00+00:00,42771.24,42791.02,42768.0,42791.0,15.73067
2023-12-13T20:49:00+00:00,42791.01,42797.01,42761.08,42761.09,33.26426
2023-12-13T20:50:00+00:00,42761.09,42776.63,42761.08,42766.6,21.44316
2023-12-13T20:51:00+00:00,42766.61,42777.7,42760.02,42775.99,21.46105
2023-12-13T20:52:00+00:00,42775.99,42807.56,42775.99,42800.14,36.20027
2023-12-13T20:53:00+00:00,42800.14,42800.17,42785.75,42791.37,16.99668
2023-12-13T20:54:00+00:00,42791.37,42812.0,42791.37,42812.0,19.29206
2023-12-13T20:55:00+00:00,42811.99,42860.26,42811.99,42860.25,39.45537
2023-12-13T20:56:00+00:00,42860.25,42877.0,42851.9,42853.82,37.34796
2023-12-13T20:57:00+00:00,42853.82,42853.83,42830.93,42835.53,39.5849
2023-12-13T20:58:00+00:00,42835.53,42869.39,42835.53,42868.57,17.69234
2023-12-13T20:59:00+00:00,42868.57,42888.0,42868.56,42874.87,46.12099
2023-12-13T21:00:00+00:00,42874.88,42884.06,42841.67,42841.68,55.64873
2023-12-13T21:01:00+00:00,42841.68,42841.68,42761.1,42782.25,59.33123
2023-12-13T21:02:00+00:00,42782.25,42782.25,42761.11,42763.66,16.64155
2023-12-13T21:03:00+00:00,42763.65,42784.64,42761.49,42776.15,26.63521
2023-12-13T21:04:00+00:00,42776.15,42790.0,42776.15,42777.52,10.57527
2023-12-13T21:05:00+00:00,42777.52,42784.0,42754.0,42783.88,14.04117
2023-12-13T21:06:00+00:00,42783.88,42830.0,42781.85,42823.69,17.49659
2023-12-13T21:07:00+00:00,42823.69,42870.56,42808.07,42870.54,30.09666
2023-12-13T21:08:00+00:00,42870.55,42886.51,42844.0,42844.16,24.92162
2023-12-13T21:09:00+00:00,42844.16,42860.0,42814.34,42814.34,34.37055
2023-12-13T21:10:00+00:00,42814.34,42814.35,42782.71,42799.69,29.30213
2023-12-13T21:11:00+00:00,42799.69,42807.55,42790.0,42799.73,21.19225
2023-12-13T21:12:00+00:00,42799.72,42814.62,42788.83,42794.4,21.29079
2023-12-13T21:13:00+00:00,42794.4,42850.0,42794.39,42849.99,14.25599
2023-12-13T21:14:00+00:00,42850.0,42867.99,42849.99,42855.0,24.0753
2023-12-13T21:15:00+00:00,42854.99,42885.62,42846.88,42873.68,30.89083
2023-12-13T21:16:00+00:00,42873.69,42885.7,42867.7,42885.69,14.43188
2023-12-13T21:17:00+00:00,42885.7,42885.7,42840.27,42840.27,18.84662
2023-12-13T21:18:00+00:00,42840.28,42840.28,42785.99,42786.5,25.62649
2023-12-13T21:19:00+00:00,42786.5,42790.0,42759.99,42764.96,36.68984
2023-12-13T21:20:00+00:00,42764.95,42777.0,42750.0,42761.69,44.8748
2023-12-13T21:21:00+00:00,42761.68,42787.26,42753.28,42787.26,18.3926
2023-12-13T21:22:00+00:00,42787.26,42841.1,42780.01,42834.42,26.77175
2023-12-13T21:23:00+00:00,42834.43,42844.0,42827.84,42827.84,17.29739
2023-12-13T21:24:00+00:00,42827.84,42827.85,42787.98,42791.22,16.17481
2023-12-13T21:25:00+00:00,42791.23,42843.92,42791.22,42843.92,12.27758
2023-12-13T21:26:00+00:00,42843.92,42843.92,42826.28,42826.29,23.58581
2023-12-13T21:27:00+00:00,42826.29,42834.05,42801.1,42801.11,13.51803
2023-12-13T21:28:00+00:00,42801.1,42825.26,42801.1,42818.59,25.365
2023-12-13T21:29:00+00:00,42818.59,42818.72,42806.43,42806.43,14.55396
2023-12-13T21:30:00+00:00,42806.44,42835.0,42806.42,42811.97,17.393
2023-12-13T21:31:00+00:00,42811.98,42826.94,42807.51,42807.51,13.72444
2023-12-13T21:32:00+00:00,42807.51,42807.52,42771.1,42772.01,23.07658
2023-12-13T21:33:00+00:00,42772.0,42796.83,42763.84,42783.34,34.10926
2023-12-13T21:34:00+00:00,42783.35,42783.35,42756.01,42756.02,17.95942
2023-12-13T21:35:00+00:00,42756.02,42756.02,42736.03,42742.01,27.4091
2023-12-13T21:36:00+00:00,42742.01,42742.01,42721.11,42728.0,40.49668
2023-12-13T21:37:00+00:00,42728.0,42730.94,42727.99,42728.01,10.76971
2023-12-13T21:38:00+00:00,42728.01,42768.0,42728.0,42758.94,24.30769
2023-12-13T21:39:00+00:00,42758.94,42758.95,42728.1,42735.98,31.00346
2023-12-13T21:40:00+00:00,42735.97,42758.69,42731.36,42753.45,26.19869
2023-12-13T21:41:00+00:00,42753.44,42753.45,42732.22,42732.96,21.59014
2023-12-13T21:42:00+00:00,42732.97,42747.59,42732.96,42747.58,9.63738
2023-12-13T21:43:00+00:00,42747.58,42747.62,42732.96,42732.96,14.08798
2023-12-13T21:44:00+00:00,42732.97,42750.0,42717.43,42738.94,30.94304
2023-12-13T21:45:00+00:00,42738.94,42748.0,42730.0,42743.96,15.02175
2023-12-13T21:46:00+00:00,42743.96,42782.0,42743.96,42780.0,25.34805
2023-12-13T21:47:00+00:00,42780.0,42794.15,42779.99,42791.49,21.5456
2023-12-13T21:48:00+00:00,42791.49,42791.5,42782.01,42784.41,11.57654
2023-12-13T21:49:00+00:00,42784.41,42784.42,42762.0,42768.61,21.99972
2023-12-13T21:50:00+00:00,42768.61,42768.61,42741.25,42743.4,17.90963
2023-12-13T21:51:00+00:00,42743.4,42762.8,42743.39,42755.02,23.17701
2023-12-13T21:52:00+00:00,42755.01,42755.02,42751.1,42751.11,7.39158
2023-12-13T21:53:00+00:00,42751.11,42978.95,42751.1,42971.35,273.68494
2023-12-13T21:54:00+00:00,42971.35,43166.0,42914.01,43160.01,325.9204
2023-12-13T21:55:00+00:00,43160.01,43187.3,43069.32,43089.99,149.0485
2023-12-13T21:56:00+00:00,43089.98,43144.03,43089.98,43099.98,64.9194
2023-12-13T21:57:00+00:00,43099.99,43109.46,42933.35,42939.82,148.45768
2023-12-13T21:58:00+00:00,42939.83,43018.38,42921.67,42928.41,99.71607
2023-12-13T21:59:00+00:00,42928.4,42998.56,42927.77,42988.49,50.59024
2023-12-13T22:00:00+00:00,42988.48,43059.82,42982.0,43053.99,92.91314
2023-12-13T22:01:00+00:00,43054.0,43071.1,43011.86,43067.9,42.68879
2023-12-13T22:02:00+00:00,43067.89,43081.1,43017.94,43031.11,59.62741
2023-12-13T22:03:00+00:00,43031.1,43041.72,42979.79,43008.28,75.8077
2023-12-13T22:04:00+00:00,43008.27,43070.96,43002.57,43057.0,89.12554
2023-12-13T22:05:00+00:00,43056.99,43090.0,43052.85,43061.86,33.78885
2023-12-13T22:06:00+00:00,43061.86,43128.15,43049.65,43113.25,63.72654
2023-12-13T22:07:00+00:00,43113.26,43119.28,43079.33,43118.0,57.24872
2023-12-13T22:08:00+00:00,43117.99,43153.84,43103.53,43111.99,59.01975
2023-12-13T22:09:00+00:00,43111.99,43166.66,43111.19,43148.37,82.17354
2023-12-13T22:10:00+00:00,43148.37,43151.1,43115.02,43128.58,66.889
2023-12-13T22:11:00+00:00,43128.58,43201.2,43118.5,43191.87,126.01238
2023-12-13T22:12:00+00:00,43191.86,43215.0,43168.33,43188.0,100.84652
2023-12-13T22:13:00+00:00,43187.99,43475.2,43176.86,43374.4,404.1993
2023-12-13T22:14:00+00:00,43374.4,43412.46,43340.42,43361.51,122.56662
2023-12-13T22:15:00+00:00,43361.5,43455.14,43322.0,43448.5,78.60132
2023-12-13T22:16:00+00:00,43448.5,43448.51,43325.04,43334.74,138.90241
2023-12-13T22:17:00+00:00,43334.73,43334.74,43225.62,43237.52,109.33607
2023-12-13T22:18:00+00:00,43237.51,43291.1,43232.0,43232.0,47.4541
2023-12-13T22:19:00+00:00,43232.0,43313.56,43211.1,43303.05,49.85511
2023-12-13T22:20:00+00:00,43303.05,43363.21,43301.1,43320.01,46.38873
2023-12-13T22:21:00+00:00,43320.01,43320.01,43252.83,43252.83,45.80542
2023-12-13T22:22:00+00:00,43252.84,43337.61,43252.52,43298.28,37.03908
2023-12-13T22:23:00+00:00,43298.27,43310.0,43274.26,43274.26,27.64162
2023-12-13T22:24:00+00:00,43274.27,43320.0,43258.14,43270.01,54.30838
2023-12-13T22:25:00+00:00,43270.01,43370.23,43181.3,43196.01,181.47408
2023-12-13T22:26:00+00:00,43196.0,43237.33,43173.64,43178.47,99.14381
2023-12-13T22:27:00+00:00,43178.48,43198.22,43178.47,43192.83,32.81161
2023-12-13T22:28:00+00:00,43192.82,43220.27,43157.17,43210.0,98.36915
2023-12-13T22:29:00+00:00,43210.0,43234.0,43190.47,43233.99,20.16113
2023-12-13T22:30:00+00:00,43234.0,43234.0,43174.2,43174.21,31.83634
2023-12-13T22:31:00+00:00,43174.21,43184.0,43163.69,43171.99,35.99119
2023-12-13T22:32:00+00:00,43171.99,43172.0,43110.65,43129.99,83.09999
2023-12-13T22:33:00+00:00,43130.0,43163.52,43129.99,43163.52,25.14375
2023-12-13T22:34:00+00:00,43163.51,43185.37,43162.58,43176.0,23.65194
2023-12-13T22:35:00+00:00,43176.0,43183.62,43174.0,43180.91,20.25252
2023-12-13T22:36:00+00:00,43180.91,43196.57,43180.91,43194.57,34.39393
2023-12-13T22:37:00+00:00,43194.57,43215.43,43192.65,43215.43,22.45032
2023-12-13T22:38:00+00:00,43215.43,43237.09,43171.67,43171.68,36.21118
2023-12-13T22:39:00+00:00,43171.68,43171.68,43164.61,43170.31,17.6628
2023-12-13T22:40:00+00:00,43170.3,43178.8,43165.42,43174.3,43.06189
2023-12-13T22:41:00+00:00,43174.29,43174.3,43145.07,43145.11,44.62324
2023-12-13T22:42:00+00:00,43145.1,43145.11,43091.73,43091.73,58.10097
2023-12-13T22:43:00+00:00,43091.74,43091.74,42933.55,43000.0,140.08068
2023-12-13T22:44:00+00:00,43000.0,43016.63,42988.17,42997.52,64.16075
2023-12-13T22:45:00+00:00,42997.52,43089.21,42997.52,43052.26,73.89226
2023-12-13T22:46:00+00:00,43052.25,43052.26,43041.1,43052.25,28.38521
2023-12-13T22:47:00+00:00,43052.26,43120.31,43052.25,43120.31,23.7592
2023-12-13T22:48:00+00:00,43120.3,43121.1,43041.42,43044.0,23.50317
2023-12-13T22:49:00+00:00,43043.99,43134.62,43043.99,43134.27,31.08798
2023-12-13T22:50:00+00:00,43134.28,43134.28,43091.98,43091.99,19.68468
2023-12-13T22:51:00+00:00,43091.99,43091.99,43044.55,43044.55,19.01413
2023-12-13T22:52:00+00:00,43044.56,43044.56,43034.8,43043.15,21.26894
2023-12-13T22:53:00+00:00,43043.15,43083.46,43043.14,43078.0,26.25705
2023-12-13T22:54:00+00:00,43078.0,43078.01,43035.97,43035.98,36.5877
2023-12-13T22:55:00+00:00,43035.97,43035.98,43000.0,43024.68,50.3651
2023-12-13T22:56:00+00:00,43024.68,43025.2,42994.0,42994.01,39.89902
2023-12-13T22:57:00+00:00,42994.01,42994.96,42991.1,42991.1,13.03867
2023-12-13T22:58:00+00:00,42991.11,42991.11,42971.1,42971.3,32.05901
2023-12-13T22:59:00+00:00,42971.31,42971.31,42957.02,42962.41,38.36409
2023-12-13T23:00:00+00:00,42962.41,43015.97,42962.41,43001.1,34.85697
2023-12-13T23:01:00+00:00,43001.1,43001.11,42944.68,42944.69,33.72837
2023-12-13T23:02:00+00:00,42944.69,42944.69,42895.61,42912.0,70.71556
2023-12-13T23:03:00+00:00,42911.99,42975.0,42903.23,42941.36,59.25714
2023-12-13T23:04:00+00:00,42941.37,42973.85,42941.12,42951.47,23.64417
2023-12-13T23:05:00+00:00,42951.48,43028.56,42951.47,42996.0,68.6806
2023-12-13T23:06:00+00:00,42996.0,43017.95,42974.15,42994.51,31.41736
2023-12-13T23:07:00+00:00,42994.52,42994.52,42977.98,42991.09,21.66212
2023-12-13T23:08:00+00:00,42991.1,43001.1,42988.94,43001.06,17.6307
2023-12-13T23:09:00+00:00,43001.05,43036.08,42984.01,43036.08,26.27446
2023-12-13T23:10:00+00:00,43036.07,43042.19,43031.1,43040.83,23.80698
2023-12-13T23:11:00+00:00,43040.83,43040.83,43011.1,43014.85,23.92727
2023-12-13T23:12:00+00:00,43014.85,43029.27,43011.1,43029.22,29.48565
2023-12-13T23:13:00+00:00,43029.22,43029.23,43004.0,43007.29,26.09921
2023-12-13T23:14:00+00:00,43007.29,43007.3,42984.01,42991.39,28.38361
2023-12-13T23:15:00+00:00,42991.39,43033.7,42991.39,43029.12,29.37747
2023-12-13T23:16:00+00:00,43029.11,43029.12,42984.01,42994.39,30.73316
2023-12-13T23:17:00+00:00,42994.39,42994.4,42926.01,42926.96,31.06569
2023-12-13T23:18:00+00:00,42926.95,42932.37,42900.0,42900.0,42.46618
2023-12-13T23:19:00+00:00,42900.01,42943.57,42888.0,42932.55,36.00073
2023-12-13T23:20:00+00:00,42932.54,42934.0,42914.84,42919.97,21.135
2023-12-13T23:21:00+00:00,42919.98,42919.98,42841.1,42846.24,63.64237
2023-12-13T23:22:00+00:00,42846.24,42895.98,42846.24,42866.85,35.32266
2023-12-13T23:23:00+00:00,42866.86,42886.55,42854.42,42886.55,35.1828
2023-12-13T23:24:00+00:00,42886.55,42907.13,42884.4,42903.86,30.45029
2023-12-13T23:25:00+00:00,42903.86,42977.9,42903.86,42970.65,28.66969
2023-12-13T23:26:00+00:00,42970.65,43013.81,42970.65,43005.86,77.23345
2023-12-13T23:27:00+00:00,43005.86,43013.61,42966.0,42996.62,61.97987
2023-12-13T23:28:00+00:00,42996.62,43006.66,42964.85,42980.0,32.66213
2023-12-13T23:29:00+00:00,42980.0,42993.46,42979.99,42992.89,22.80031
2023-12-13T23:30:00+00:00,42992.9,42995.61,42980.0,42980.65,23.43409
2023-12-13T23:31:00+00:00,42980.65,43006.0,42959.8,42998.46,28.95283
2023-12-13T23:32:00+00:00,42998.45,42998.46,42955.42,42982.91,28.08034
2023-12-13T23:33:00+00:00,42982.92,42982.92,42964.01,42964.15,13.31554
2023-12-13T23:34:00+00:00,42964.15,42978.0,42964.11,42975.65,26.91843
2023-12-13T23:35:00+00:00,42975.66,42975.66,42923.93,42923.94,17.53153
2023-12-13T23:36:00+00:00,42923.93,42928.86,42907.22,42928.86,24.45366
2023-12-13T23:37:00+00:00,42928.85,42928.86,42893.94,42894.26,20.65017
2023-12-13T23:38:00+00:00,42894.27,42928.0,42894.26,42914.21,20.99642
2023-12-13T23:39:00+00:00,42914.22,42925.84,42906.48,42922.01,15.96476
2023-12-13T23:40:00+00:00,42922.01,42937.27,42900.01,42907.75,16.65734
2023-12-13T23:41:00+00:00,42907.74,42907.75,42891.1,42891.1,19.69307
2023-12-13T23:42:00+00:00,42891.11,42893.25,42864.43,42873.91,24.86203
2023-12-13T23:43:00+00:00,42873.92,42886.6,42858.11,42858.12,21.55574
2023-12-13T23:44:00+00:00,42858.12,42870.36,42858.11,42863.48,14.1595
2023-12-13T23:45:00+00:00,42863.47,42894.97,42863.47,42886.54,20.85864
2023-12-13T23:46:00+00:00,42886.54,42912.73,42886.54,42900.68,22.39223
2023-12-13T23:47:00+00:00,42900.68,42920.0,42900.68,42919.99,39.97187
2023-12-13T23:48:00+00:00,42919.99,42920.0,42919.56,42919.57,7.7378
2023-12-13T23:49:00+00:00,42919.56,42919.57,42888.89,42917.13,34.34228
2023-12-13T23:50:00+00:00,42917.14,42945.7,42893.95,42945.7,30.278
2023-12-13T23:51:00+00:00,42945.7,42948.0,42912.68,42912.68,16.3986
2023-12-13T23:52:00+00:00,42912.69,42932.02,42907.98,42932.02,17.87483
2023-12-13T23:53:00+00:00,42932.01,42934.92,42927.85,42927.86,30.92856
2023-12-13T23:54:00+00:00,42927.85,42927.86,42896.53,42905.94,24.72166
2023-12-13T23:55:00+00:00,42905.94,42906.89,42888.5,42903.31,14.99244
2023-12-13T23:56:00+00:00,42903.32,42918.85,42888.5,42888.5,13.93951
2023-12-13T23:57:00+00:00,42888.51,42888.51,42883.86,42886.0,9.61681
2023-12-13T23:58:00+00:00,42886.01,42890.3,42876.35,42876.35,16.71198
2023-12-13T23:59:00+00:00,42876.35,42881.36,42866.88,42869.03,12.59259
